[{"index":1,"title":"Kabupaten Aceh Barat","url":"https://feriirawan-api.herokuapp.com/list/symbols/regency/1/200"},{"index":2,"title":"Kabupaten Aceh Barat Daya","url":"https://feriirawan-api.herokuapp.com/list/symbols/regency/2/200"},{"index":3,"title":"Kabupaten Aceh Besar","url":"https://feriirawan-api.herokuapp.com/list/symbols/regency/3/200"},{"index":4,"title":"Kabupaten Aceh Jaya","url":"https://feriirawan-api.herokuapp.com/list/symbols/regency/4/200"},{"index":5,"title":"Kabupaten Aceh Selatan","url":"https://feriirawan-api.herokuapp.com/list/symbols/regency/5/200"},{"index":6,"title":"Kabupaten Aceh Singkil","url":"https://feriirawan-api.herokuapp.com/list/symbols/regency/6/200"},{"index":7,"title":"Kabupaten Aceh Tamiang","url":"https://feriirawan-api.herokuapp.com/list/symbols/regency/7/200"},{"index":8,"title":"Kabupaten Aceh Tengah","url":"https://feriirawan-api.herokuapp.com/list/symbols/regency/8/200"},{"index":9,"title":"Kabupaten Aceh Tenggara","url":"https://feriirawan-api.herokuapp.com/list/symbols/regency/9/200"},{"index":10,"title":"Kabupaten Aceh Timur","url":"https://feriirawan-api.herokuapp.com/list/symbols/regency/10/200"},{"index":11,"title":"Kabupaten Aceh Utara","url":"https://feriirawan-api.herokuapp.com/list/symbols/regency/11/200"},{"index":12,"title":"Kabupaten Bener Meriah","url":"https://feriirawan-api.herokuapp.com/list/symbols/regency/12/200"},{"index":13,"title":"Kabupaten Bireuen","url":"https://feriirawan-api.herokuapp.com/list/symbols/regency/13/200"},{"index":14,"title":"Kabupaten Gayo Lues","url":"https://feriirawan-api.herokuapp.com/list/symbols/regency/14/200"},{"index":15,"title":"Kabupaten Nagan Raya","url":"https://feriirawan-api.herokuapp.com/list/symbols/regency/15/200"},{"index":16,"title":"Kabupaten Pidie","url":"https://feriirawan-api.herokuapp.com/list/symbols/regency/16/200"},{"index":17,"title":"Kabupaten Pidie Jaya","url":"https://feriirawan-api.herokuapp.com/list/symbols/regency/17/200"},{"index":18,"title":"Kabupaten Simeulue","url":"https://feriirawan-api.herokuapp.com/list/symbols/regency/18/200"},{"index":19,"title":"Kota Banda Aceh","url":"https://feriirawan-api.herokuapp.com/list/symbols/regency/19/200"},{"index":20,"title":"Kota Langsa","url":"https://feriirawan-api.herokuapp.com/list/symbols/regency/20/200"},{"index":21,"title":"Kota Lhokseumawe","url":"https://feriirawan-api.herokuapp.com/list/symbols/regency/21/200"},{"index":22,"title":"Kota Sabang","url":"https://feriirawan-api.herokuapp.com/list/symbols/regency/22/200"},{"index":23,"title":"Kota Subulussalam","url":"https://feriirawan-api.herokuapp.com/list/symbols/regency/23/200"},{"index":24,"title":"Kabupaten Asahan","url":"https://feriirawan-api.herokuapp.com/list/symbols/regency/24/200"},{"index":25,"title":"Kabupaten Batubara","url":"https://feriirawan-api.herokuapp.com/list/symbols/regency/25/200"},{"index":26,"title":"Kabupaten Dairi","url":"https://feriirawan-api.herokuapp.com/list/symbols/regency/26/200"},{"index":27,"title":"Kabupaten Deli Serdang","url":"https://feriirawan-api.herokuapp.com/list/symbols/regency/27/200"},{"index":28,"title":"Kabupaten Karo","url":"https://feriirawan-api.herokuapp.com/list/symbols/regency/28/200"},{"index":29,"title":"Kabupaten Humbang Hasundutan","url":"https://feriirawan-api.herokuapp.com/list/symbols/regency/29/200"},{"index":30,"title":"Kabupaten Labuhanbatu","url":"https://feriirawan-api.herokuapp.com/list/symbols/regency/30/200"},{"index":31,"title":"Kabupaten Labuhanbatu Selatan","url":"https://feriirawan-api.herokuapp.com/list/symbols/regency/31/200"},{"index":32,"title":"Kabupaten Labuhanbatu Utara","url":"https://feriirawan-api.herokuapp.com/list/symbols/regency/32/200"},{"index":33,"title":"Kabupaten Langkat","url":"https://feriirawan-api.herokuapp.com/list/symbols/regency/33/200"},{"index":34,"title":"Kabupaten Mandailing Natal","url":"https://feriirawan-api.herokuapp.com/list/symbols/regency/34/200"},{"index":35,"title":"Kabupaten Nias","url":"https://feriirawan-api.herokuapp.com/list/symbols/regency/35/200"},{"index":36,"title":"Kabupaten Nias Barat","url":"https://feriirawan-api.herokuapp.com/list/symbols/regency/36/200"},{"index":37,"title":"Kabupaten Nias Selatan","url":"https://feriirawan-api.herokuapp.com/list/symbols/regency/37/200"},{"index":38,"title":"Kabupaten Nias Utara","url":"https://feriirawan-api.herokuapp.com/list/symbols/regency/38/200"},{"index":39,"title":"Kabupaten Padang Lawas","url":"https://feriirawan-api.herokuapp.com/list/symbols/regency/39/200"},{"index":40,"title":"Kabupaten Padang Lawas Utara","url":"https://feriirawan-api.herokuapp.com/list/symbols/regency/40/200"},{"index":41,"title":"Kabupaten Pakpak Bharat","url":"https://feriirawan-api.herokuapp.com/list/symbols/regency/41/200"},{"index":42,"title":"Kabupaten Samosir","url":"https://feriirawan-api.herokuapp.com/list/symbols/regency/42/200"},{"index":43,"title":"Kabupaten Serdang Bedagai","url":"https://feriirawan-api.herokuapp.com/list/symbols/regency/43/200"},{"index":44,"title":"Kabupaten Simalungun","url":"https://feriirawan-api.herokuapp.com/list/symbols/regency/44/200"},{"index":45,"title":"Kabupaten Tapanuli Selatan","url":"https://feriirawan-api.herokuapp.com/list/symbols/regency/45/200"},{"index":46,"title":"Kabupaten Tapanuli Tengah","url":"https://feriirawan-api.herokuapp.com/list/symbols/regency/46/200"},{"index":47,"title":"Kabupaten Tapanuli Utara","url":"https://feriirawan-api.herokuapp.com/list/symbols/regency/47/200"},{"index":48,"title":"Kabupaten Toba Samosir","url":"https://feriirawan-api.herokuapp.com/list/symbols/regency/48/200"},{"index":49,"title":"Kota Binjai","url":"https://feriirawan-api.herokuapp.com/list/symbols/regency/49/200"},{"index":50,"title":"Kota Gunungsitoli","url":"https://feriirawan-api.herokuapp.com/list/symbols/regency/50/200"},{"index":51,"title":"Kota Medan","url":"https://feriirawan-api.herokuapp.com/list/symbols/regency/51/200"},{"index":52,"title":"Kota Padang Sidempuan","url":"https://feriirawan-api.herokuapp.com/list/symbols/regency/52/200"},{"index":53,"title":"Kota Pematangsiantar","url":"https://feriirawan-api.herokuapp.com/list/symbols/regency/53/200"},{"index":54,"title":"Kota Sibolga","url":"https://feriirawan-api.herokuapp.com/list/symbols/regency/54/200"},{"index":55,"title":"Kota Tanjungbalai","url":"https://feriirawan-api.herokuapp.com/list/symbols/regency/55/200"},{"index":56,"title":"Kota Tebing Tinggi","url":"https://feriirawan-api.herokuapp.com/list/symbols/regency/56/200"},{"index":57,"title":"Kabupaten Agam","url":"https://feriirawan-api.herokuapp.com/list/symbols/regency/57/200"},{"index":58,"title":"Kabupaten Dharmasraya","url":"https://feriirawan-api.herokuapp.com/list/symbols/regency/58/200"},{"index":59,"title":"Kabupaten Kepulauan Mentawai","url":"https://feriirawan-api.herokuapp.com/list/symbols/regency/59/200"},{"index":60,"title":"Kabupaten Lima Puluh Kota","url":"https://feriirawan-api.herokuapp.com/list/symbols/regency/60/200"},{"index":61,"title":"Kabupaten Padang Pariaman","url":"https://feriirawan-api.herokuapp.com/list/symbols/regency/61/200"},{"index":62,"title":"Kabupaten Pasaman","url":"https://feriirawan-api.herokuapp.com/list/symbols/regency/62/200"},{"index":63,"title":"Kabupaten Pasaman Barat","url":"https://feriirawan-api.herokuapp.com/list/symbols/regency/63/200"},{"index":64,"title":"Kabupaten Pesisir Selatan","url":"https://feriirawan-api.herokuapp.com/list/symbols/regency/64/200"},{"index":65,"title":"Kabupaten Sijunjung","url":"https://feriirawan-api.herokuapp.com/list/symbols/regency/65/200"},{"index":66,"title":"Kabupaten Solok","url":"https://feriirawan-api.herokuapp.com/list/symbols/regency/66/200"},{"index":67,"title":"Kabupaten Solok Selatan","url":"https://feriirawan-api.herokuapp.com/list/symbols/regency/67/200"},{"index":68,"title":"Kabupaten Tanah Datar","url":"https://feriirawan-api.herokuapp.com/list/symbols/regency/68/200"},{"index":69,"title":"Kota Bukittinggi","url":"https://feriirawan-api.herokuapp.com/list/symbols/regency/69/200"},{"index":70,"title":"Kota Padang","url":"https://feriirawan-api.herokuapp.com/list/symbols/regency/70/200"},{"index":71,"title":"Kota Padangpanjang","url":"https://feriirawan-api.herokuapp.com/list/symbols/regency/71/200"},{"index":72,"title":"Kota Pariaman","url":"https://feriirawan-api.herokuapp.com/list/symbols/regency/72/200"},{"index":73,"title":"Kota Payakumbuh","url":"https://feriirawan-api.herokuapp.com/list/symbols/regency/73/200"},{"index":74,"title":"Kota Sawahlunto","url":"https://feriirawan-api.herokuapp.com/list/symbols/regency/74/200"},{"index":75,"title":"Kota Solok","url":"https://feriirawan-api.herokuapp.com/list/symbols/regency/75/200"},{"index":76,"title":"Kabupaten Bengkalis","url":"https://feriirawan-api.herokuapp.com/list/symbols/regency/76/200"},{"index":77,"title":"Kabupaten Indragiri Hilir","url":"https://feriirawan-api.herokuapp.com/list/symbols/regency/77/200"},{"index":78,"title":"Kabupaten Indragiri Hulu","url":"https://feriirawan-api.herokuapp.com/list/symbols/regency/78/200"},{"index":79,"title":"Kabupaten Kampar","url":"https://feriirawan-api.herokuapp.com/list/symbols/regency/79/200"},{"index":80,"title":"Kabupaten Kepulauan Meranti","url":"https://feriirawan-api.herokuapp.com/list/symbols/regency/80/200"},{"index":81,"title":"Kabupaten Kuantan Singingi","url":"https://feriirawan-api.herokuapp.com/list/symbols/regency/81/200"},{"index":82,"title":"Kabupaten Pelalawan","url":"https://feriirawan-api.herokuapp.com/list/symbols/regency/82/200"},{"index":83,"title":"Kabupaten Rokan Hilir","url":"https://feriirawan-api.herokuapp.com/list/symbols/regency/83/200"},{"index":84,"title":"Kabupaten Rokan Hulu","url":"https://feriirawan-api.herokuapp.com/list/symbols/regency/84/200"},{"index":85,"title":"Kabupaten Siak","url":"https://feriirawan-api.herokuapp.com/list/symbols/regency/85/200"},{"index":86,"title":"Kota Dumai","url":"https://feriirawan-api.herokuapp.com/list/symbols/regency/86/200"},{"index":87,"title":"Kota Pekanbaru","url":"https://feriirawan-api.herokuapp.com/list/symbols/regency/87/200"},{"index":88,"title":"Kabupaten Bintan","url":"https://feriirawan-api.herokuapp.com/list/symbols/regency/88/200"},{"index":89,"title":"Kabupaten Karimun","url":"https://feriirawan-api.herokuapp.com/list/symbols/regency/89/200"},{"index":90,"title":"Kabupaten Kepulauan Anambas","url":"https://feriirawan-api.herokuapp.com/list/symbols/regency/90/200"},{"index":91,"title":"Kabupaten Lingga","url":"https://feriirawan-api.herokuapp.com/list/symbols/regency/91/200"},{"index":92,"title":"Kabupaten Natuna","url":"https://feriirawan-api.herokuapp.com/list/symbols/regency/92/200"},{"index":93,"title":"Kota Batam","url":"https://feriirawan-api.herokuapp.com/list/symbols/regency/93/200"},{"index":94,"title":"Kota Tanjungpinang","url":"https://feriirawan-api.herokuapp.com/list/symbols/regency/94/200"},{"index":95,"title":"Kabupaten Batanghari","url":"https://feriirawan-api.herokuapp.com/list/symbols/regency/95/200"},{"index":96,"title":"Kabupaten Bungo","url":"https://feriirawan-api.herokuapp.com/list/symbols/regency/96/200"},{"index":97,"title":"Kabupaten Kerinci","url":"https://feriirawan-api.herokuapp.com/list/symbols/regency/97/200"},{"index":98,"title":"Kabupaten Merangin","url":"https://feriirawan-api.herokuapp.com/list/symbols/regency/98/200"},{"index":99,"title":"Kabupaten Muaro Jambi","url":"https://feriirawan-api.herokuapp.com/list/symbols/regency/99/200"},{"index":100,"title":"Kabupaten Sarolangun","url":"https://feriirawan-api.herokuapp.com/list/symbols/regency/100/200"},{"index":101,"title":"Kabupaten Tanjung Jabung Barat","url":"https://feriirawan-api.herokuapp.com/list/symbols/regency/101/200"},{"index":102,"title":"Kabupaten Tanjung Jabung Timur","url":"https://feriirawan-api.herokuapp.com/list/symbols/regency/102/200"},{"index":103,"title":"Kabupaten Tebo","url":"https://feriirawan-api.herokuapp.com/list/symbols/regency/103/200"},{"index":104,"title":"Kota Jambi","url":"https://feriirawan-api.herokuapp.com/list/symbols/regency/104/200"},{"index":105,"title":"Kota Sungai Penuh","url":"https://feriirawan-api.herokuapp.com/list/symbols/regency/105/200"},{"index":106,"title":"Kabupaten Banyuasin","url":"https://feriirawan-api.herokuapp.com/list/symbols/regency/106/200"},{"index":107,"title":"Kabupaten Empat Lawang","url":"https://feriirawan-api.herokuapp.com/list/symbols/regency/107/200"},{"index":108,"title":"Kabupaten Lahat","url":"https://feriirawan-api.herokuapp.com/list/symbols/regency/108/200"},{"index":109,"title":"Kabupaten Muara Enim","url":"https://feriirawan-api.herokuapp.com/list/symbols/regency/109/200"},{"index":110,"title":"Kabupaten Musi Banyuasin","url":"https://feriirawan-api.herokuapp.com/list/symbols/regency/110/200"},{"index":111,"title":"Kabupaten Musi Rawas","url":"https://feriirawan-api.herokuapp.com/list/symbols/regency/111/200"},{"index":112,"title":"Kabupaten Musi Rawas Utara","url":"https://feriirawan-api.herokuapp.com/list/symbols/regency/112/200"},{"index":113,"title":"Kabupaten Ogan Ilir","url":"https://feriirawan-api.herokuapp.com/list/symbols/regency/113/200"},{"index":114,"title":"Kabupaten Ogan Komering Ilir","url":"https://feriirawan-api.herokuapp.com/list/symbols/regency/114/200"},{"index":115,"title":"Kabupaten Ogan Komering Ulu","url":"https://feriirawan-api.herokuapp.com/list/symbols/regency/115/200"},{"index":116,"title":"Kabupaten Ogan Komering Ulu Selatan","url":"https://feriirawan-api.herokuapp.com/list/symbols/regency/116/200"},{"index":117,"title":"Kabupaten Ogan Komering Ulu Timur","url":"https://feriirawan-api.herokuapp.com/list/symbols/regency/117/200"},{"index":118,"title":"Kabupaten Penukal Abab Lematang Ilir","url":"https://feriirawan-api.herokuapp.com/list/symbols/regency/118/200"},{"index":119,"title":"Kota Lubuklinggau","url":"https://feriirawan-api.herokuapp.com/list/symbols/regency/119/200"},{"index":120,"title":"Kota Pagar Alam","url":"https://feriirawan-api.herokuapp.com/list/symbols/regency/120/200"},{"index":121,"title":"Kota Palembang","url":"https://feriirawan-api.herokuapp.com/list/symbols/regency/121/200"},{"index":122,"title":"Kota Prabumulih","url":"https://feriirawan-api.herokuapp.com/list/symbols/regency/122/200"},{"index":123,"title":"Kabupaten Bengkulu Selatan","url":"https://feriirawan-api.herokuapp.com/list/symbols/regency/123/200"},{"index":124,"title":"Kabupaten Bengkulu Tengah","url":"https://feriirawan-api.herokuapp.com/list/symbols/regency/124/200"},{"index":125,"title":"Kabupaten Bengkulu Utara","url":"https://feriirawan-api.herokuapp.com/list/symbols/regency/125/200"},{"index":126,"title":"Kabupaten Kaur","url":"https://feriirawan-api.herokuapp.com/list/symbols/regency/126/200"},{"index":127,"title":"Kabupaten Kepahiang","url":"https://feriirawan-api.herokuapp.com/list/symbols/regency/127/200"},{"index":128,"title":"Kabupaten Lebong","url":"https://feriirawan-api.herokuapp.com/list/symbols/regency/128/200"},{"index":129,"title":"Kabupaten Mukomuko","url":"https://feriirawan-api.herokuapp.com/list/symbols/regency/129/200"},{"index":130,"title":"Kabupaten Rejang Lebong","url":"https://feriirawan-api.herokuapp.com/list/symbols/regency/130/200"},{"index":131,"title":"Kabupaten Seluma","url":"https://feriirawan-api.herokuapp.com/list/symbols/regency/131/200"},{"index":132,"title":"Kota Bengkulu","url":"https://feriirawan-api.herokuapp.com/list/symbols/regency/132/200"},{"index":133,"title":"Kabupaten Bangka","url":"https://feriirawan-api.herokuapp.com/list/symbols/regency/133/200"},{"index":134,"title":"Kabupaten Bangka Barat","url":"https://feriirawan-api.herokuapp.com/list/symbols/regency/134/200"},{"index":135,"title":"Kabupaten Bangka Selatan","url":"https://feriirawan-api.herokuapp.com/list/symbols/regency/135/200"},{"index":136,"title":"Kabupaten Bangka Tengah","url":"https://feriirawan-api.herokuapp.com/list/symbols/regency/136/200"},{"index":137,"title":"Kabupaten Belitung","url":"https://feriirawan-api.herokuapp.com/list/symbols/regency/137/200"},{"index":138,"title":"Kabupaten Belitung Timur","url":"https://feriirawan-api.herokuapp.com/list/symbols/regency/138/200"},{"index":139,"title":"Kota Pangkal Pinang","url":"https://feriirawan-api.herokuapp.com/list/symbols/regency/139/200"},{"index":140,"title":"Kabupaten Lampung Barat","url":"https://feriirawan-api.herokuapp.com/list/symbols/regency/140/200"},{"index":141,"title":"Kabupaten Lampung Selatan","url":"https://feriirawan-api.herokuapp.com/list/symbols/regency/141/200"},{"index":142,"title":"Kabupaten Lampung Tengah","url":"https://feriirawan-api.herokuapp.com/list/symbols/regency/142/200"},{"index":143,"title":"Kabupaten Lampung Timur","url":"https://feriirawan-api.herokuapp.com/list/symbols/regency/143/200"},{"index":144,"title":"Kabupaten Lampung Utara","url":"https://feriirawan-api.herokuapp.com/list/symbols/regency/144/200"},{"index":145,"title":"Kabupaten Mesuji","url":"https://feriirawan-api.herokuapp.com/list/symbols/regency/145/200"},{"index":146,"title":"Kabupaten Pesawaran","url":"https://feriirawan-api.herokuapp.com/list/symbols/regency/146/200"},{"index":147,"title":"Kabupaten Pesisir Barat","url":"https://feriirawan-api.herokuapp.com/list/symbols/regency/147/200"},{"index":148,"title":"Kabupaten Pringsewu","url":"https://feriirawan-api.herokuapp.com/list/symbols/regency/148/200"},{"index":149,"title":"Kabupaten Tanggamus","url":"https://feriirawan-api.herokuapp.com/list/symbols/regency/149/200"},{"index":150,"title":"Kabupaten Tulang Bawang","url":"https://feriirawan-api.herokuapp.com/list/symbols/regency/150/200"},{"index":151,"title":"Kabupaten Tulang Bawang Barat","url":"https://feriirawan-api.herokuapp.com/list/symbols/regency/151/200"},{"index":152,"title":"Kabupaten Way Kanan","url":"https://feriirawan-api.herokuapp.com/list/symbols/regency/152/200"},{"index":153,"title":"Kota Bandar Lampung","url":"https://feriirawan-api.herokuapp.com/list/symbols/regency/153/200"},{"index":154,"title":"Kota Metro","url":"https://feriirawan-api.herokuapp.com/list/symbols/regency/154/200"},{"index":155,"title":"Kabupaten Lebak","url":"https://feriirawan-api.herokuapp.com/list/symbols/regency/155/200"},{"index":156,"title":"Kabupaten Pandeglang","url":"https://feriirawan-api.herokuapp.com/list/symbols/regency/156/200"},{"index":157,"title":"Kabupaten Serang","url":"https://feriirawan-api.herokuapp.com/list/symbols/regency/157/200"},{"index":158,"title":"Kabupaten Tangerang","url":"https://feriirawan-api.herokuapp.com/list/symbols/regency/158/200"},{"index":159,"title":"Kota Cilegon","url":"https://feriirawan-api.herokuapp.com/list/symbols/regency/159/200"},{"index":160,"title":"Kota Serang","url":"https://feriirawan-api.herokuapp.com/list/symbols/regency/160/200"},{"index":161,"title":"Kota Tangerang","url":"https://feriirawan-api.herokuapp.com/list/symbols/regency/161/200"},{"index":162,"title":"Kota Tangerang Selatan","url":"https://feriirawan-api.herokuapp.com/list/symbols/regency/162/200"},{"index":163,"title":"Kabupaten Administrasi Kepulauan Seribu","url":"https://feriirawan-api.herokuapp.com/list/symbols/regency/163/200"},{"index":164,"title":"Kota Administrasi Jakarta Barat","url":"https://feriirawan-api.herokuapp.com/list/symbols/regency/164/200"},{"index":165,"title":"Kota Administrasi Jakarta Pusat","url":"https://feriirawan-api.herokuapp.com/list/symbols/regency/165/200"},{"index":166,"title":"Kota Administrasi Jakarta Selatan","url":"https://feriirawan-api.herokuapp.com/list/symbols/regency/166/200"},{"index":167,"title":"Kota Administrasi Jakarta Timur","url":"https://feriirawan-api.herokuapp.com/list/symbols/regency/167/200"},{"index":168,"title":"Kota Administrasi Jakarta Utara","url":"https://feriirawan-api.herokuapp.com/list/symbols/regency/168/200"},{"index":169,"title":"Kabupaten Bandung","url":"https://feriirawan-api.herokuapp.com/list/symbols/regency/169/200"},{"index":170,"title":"Kabupaten Bandung Barat","url":"https://feriirawan-api.herokuapp.com/list/symbols/regency/170/200"},{"index":171,"title":"Kabupaten Bekasi","url":"https://feriirawan-api.herokuapp.com/list/symbols/regency/171/200"},{"index":172,"title":"Kabupaten Bogor","url":"https://feriirawan-api.herokuapp.com/list/symbols/regency/172/200"},{"index":173,"title":"Kabupaten Ciamis","url":"https://feriirawan-api.herokuapp.com/list/symbols/regency/173/200"},{"index":174,"title":"Kabupaten Cianjur","url":"https://feriirawan-api.herokuapp.com/list/symbols/regency/174/200"},{"index":175,"title":"Kabupaten Cirebon","url":"https://feriirawan-api.herokuapp.com/list/symbols/regency/175/200"},{"index":176,"title":"Kabupaten Garut","url":"https://feriirawan-api.herokuapp.com/list/symbols/regency/176/200"},{"index":177,"title":"Kabupaten Indramayu","url":"https://feriirawan-api.herokuapp.com/list/symbols/regency/177/200"},{"index":178,"title":"Kabupaten Karawang","url":"https://feriirawan-api.herokuapp.com/list/symbols/regency/178/200"},{"index":179,"title":"Kabupaten Kuningan","url":"https://feriirawan-api.herokuapp.com/list/symbols/regency/179/200"},{"index":180,"title":"Kabupaten Majalengka","url":"https://feriirawan-api.herokuapp.com/list/symbols/regency/180/200"},{"index":181,"title":"Kabupaten Pangandaran","url":"https://feriirawan-api.herokuapp.com/list/symbols/regency/181/200"},{"index":182,"title":"Kabupaten Purwakarta","url":"https://feriirawan-api.herokuapp.com/list/symbols/regency/182/200"},{"index":183,"title":"Kabupaten Subang","url":"https://feriirawan-api.herokuapp.com/list/symbols/regency/183/200"},{"index":184,"title":"Kabupaten Sukabumi","url":"https://feriirawan-api.herokuapp.com/list/symbols/regency/184/200"},{"index":185,"title":"Kabupaten Sumedang","url":"https://feriirawan-api.herokuapp.com/list/symbols/regency/185/200"},{"index":186,"title":"Kabupaten Tasikmalaya","url":"https://feriirawan-api.herokuapp.com/list/symbols/regency/186/200"},{"index":187,"title":"Kota Bandung","url":"https://feriirawan-api.herokuapp.com/list/symbols/regency/187/200"},{"index":188,"title":"Kota Banjar","url":"https://feriirawan-api.herokuapp.com/list/symbols/regency/188/200"},{"index":189,"title":"Kota Bekasi","url":"https://feriirawan-api.herokuapp.com/list/symbols/regency/189/200"},{"index":190,"title":"Kota Bogor","url":"https://feriirawan-api.herokuapp.com/list/symbols/regency/190/200"},{"index":191,"title":"Kota Cimahi","url":"https://feriirawan-api.herokuapp.com/list/symbols/regency/191/200"},{"index":192,"title":"Kota Cirebon","url":"https://feriirawan-api.herokuapp.com/list/symbols/regency/192/200"},{"index":193,"title":"Kota Depok","url":"https://feriirawan-api.herokuapp.com/list/symbols/regency/193/200"},{"index":194,"title":"Kota Sukabumi","url":"https://feriirawan-api.herokuapp.com/list/symbols/regency/194/200"},{"index":195,"title":"Kota Tasikmalaya","url":"https://feriirawan-api.herokuapp.com/list/symbols/regency/195/200"},{"index":196,"title":"Kabupaten Banjarnegara","url":"https://feriirawan-api.herokuapp.com/list/symbols/regency/196/200"},{"index":197,"title":"Kabupaten Banyumas","url":"https://feriirawan-api.herokuapp.com/list/symbols/regency/197/200"},{"index":198,"title":"Kabupaten Batang","url":"https://feriirawan-api.herokuapp.com/list/symbols/regency/198/200"},{"index":199,"title":"Kabupaten Blora","url":"https://feriirawan-api.herokuapp.com/list/symbols/regency/199/200"},{"index":200,"title":"Kabupaten Boyolali","url":"https://feriirawan-api.herokuapp.com/list/symbols/regency/200/200"},{"index":201,"title":"Kabupaten Brebes","url":"https://feriirawan-api.herokuapp.com/list/symbols/regency/201/200"},{"index":202,"title":"Kabupaten Cilacap","url":"https://feriirawan-api.herokuapp.com/list/symbols/regency/202/200"},{"index":203,"title":"Kabupaten Demak","url":"https://feriirawan-api.herokuapp.com/list/symbols/regency/203/200"},{"index":204,"title":"Kabupaten Grobogan","url":"https://feriirawan-api.herokuapp.com/list/symbols/regency/204/200"},{"index":205,"title":"Kabupaten Jepara","url":"https://feriirawan-api.herokuapp.com/list/symbols/regency/205/200"},{"index":206,"title":"Kabupaten Karanganyar","url":"https://feriirawan-api.herokuapp.com/list/symbols/regency/206/200"},{"index":207,"title":"Kabupaten Kebumen","url":"https://feriirawan-api.herokuapp.com/list/symbols/regency/207/200"},{"index":208,"title":"Kabupaten Kendal","url":"https://feriirawan-api.herokuapp.com/list/symbols/regency/208/200"},{"index":209,"title":"Kabupaten Klaten","url":"https://feriirawan-api.herokuapp.com/list/symbols/regency/209/200"},{"index":210,"title":"Kabupaten Kudus","url":"https://feriirawan-api.herokuapp.com/list/symbols/regency/210/200"},{"index":211,"title":"Kabupaten Magelang","url":"https://feriirawan-api.herokuapp.com/list/symbols/regency/211/200"},{"index":212,"title":"Kabupaten Pati","url":"https://feriirawan-api.herokuapp.com/list/symbols/regency/212/200"},{"index":213,"title":"Kabupaten Pekalongan","url":"https://feriirawan-api.herokuapp.com/list/symbols/regency/213/200"},{"index":214,"title":"Kabupaten Pemalang","url":"https://feriirawan-api.herokuapp.com/list/symbols/regency/214/200"},{"index":215,"title":"Kabupaten Purbalingga","url":"https://feriirawan-api.herokuapp.com/list/symbols/regency/215/200"},{"index":216,"title":"Kabupaten Purworejo","url":"https://feriirawan-api.herokuapp.com/list/symbols/regency/216/200"},{"index":217,"title":"Kabupaten Rembang","url":"https://feriirawan-api.herokuapp.com/list/symbols/regency/217/200"},{"index":218,"title":"Kabupaten Semarang","url":"https://feriirawan-api.herokuapp.com/list/symbols/regency/218/200"},{"index":219,"title":"Kabupaten Sragen","url":"https://feriirawan-api.herokuapp.com/list/symbols/regency/219/200"},{"index":220,"title":"Kabupaten Sukoharjo","url":"https://feriirawan-api.herokuapp.com/list/symbols/regency/220/200"},{"index":221,"title":"Kabupaten Tegal","url":"https://feriirawan-api.herokuapp.com/list/symbols/regency/221/200"},{"index":222,"title":"Kabupaten Temanggung","url":"https://feriirawan-api.herokuapp.com/list/symbols/regency/222/200"},{"index":223,"title":"Kabupaten Wonogiri","url":"https://feriirawan-api.herokuapp.com/list/symbols/regency/223/200"},{"index":224,"title":"Kabupaten Wonosobo","url":"https://feriirawan-api.herokuapp.com/list/symbols/regency/224/200"},{"index":225,"title":"Kota Magelang","url":"https://feriirawan-api.herokuapp.com/list/symbols/regency/225/200"},{"index":226,"title":"Kota Pekalongan","url":"https://feriirawan-api.herokuapp.com/list/symbols/regency/226/200"},{"index":227,"title":"Kota Salatiga","url":"https://feriirawan-api.herokuapp.com/list/symbols/regency/227/200"},{"index":228,"title":"Kota Semarang","url":"https://feriirawan-api.herokuapp.com/list/symbols/regency/228/200"},{"index":229,"title":"Kota Surakarta","url":"https://feriirawan-api.herokuapp.com/list/symbols/regency/229/200"},{"index":230,"title":"Kota Tegal","url":"https://feriirawan-api.herokuapp.com/list/symbols/regency/230/200"},{"index":231,"title":"Kabupaten Bantul","url":"https://feriirawan-api.herokuapp.com/list/symbols/regency/231/200"},{"index":232,"title":"Kabupaten Gunung Kidul","url":"https://feriirawan-api.herokuapp.com/list/symbols/regency/232/200"},{"index":233,"title":"Kabupaten Kulon Progo","url":"https://feriirawan-api.herokuapp.com/list/symbols/regency/233/200"},{"index":234,"title":"Kabupaten Sleman","url":"https://feriirawan-api.herokuapp.com/list/symbols/regency/234/200"},{"index":235,"title":"Kota Yogyakarta","url":"https://feriirawan-api.herokuapp.com/list/symbols/regency/235/200"},{"index":236,"title":"Kabupaten Bangkalan","url":"https://feriirawan-api.herokuapp.com/list/symbols/regency/236/200"},{"index":237,"title":"Kabupaten Banyuwangi","url":"https://feriirawan-api.herokuapp.com/list/symbols/regency/237/200"},{"index":238,"title":"Kabupaten Blitar","url":"https://feriirawan-api.herokuapp.com/list/symbols/regency/238/200"},{"index":239,"title":"Kabupaten Bojonegoro","url":"https://feriirawan-api.herokuapp.com/list/symbols/regency/239/200"},{"index":240,"title":"Kabupaten Bondowoso","url":"https://feriirawan-api.herokuapp.com/list/symbols/regency/240/200"},{"index":241,"title":"Kabupaten Gresik","url":"https://feriirawan-api.herokuapp.com/list/symbols/regency/241/200"},{"index":242,"title":"Kabupaten Jember","url":"https://feriirawan-api.herokuapp.com/list/symbols/regency/242/200"},{"index":243,"title":"Kabupaten Jombang","url":"https://feriirawan-api.herokuapp.com/list/symbols/regency/243/200"},{"index":244,"title":"Kabupaten Kediri","url":"https://feriirawan-api.herokuapp.com/list/symbols/regency/244/200"},{"index":245,"title":"Kabupaten Lamongan","url":"https://feriirawan-api.herokuapp.com/list/symbols/regency/245/200"},{"index":246,"title":"Kabupaten Lumajang","url":"https://feriirawan-api.herokuapp.com/list/symbols/regency/246/200"},{"index":247,"title":"Kabupaten Madiun","url":"https://feriirawan-api.herokuapp.com/list/symbols/regency/247/200"},{"index":248,"title":"Kabupaten Magetan","url":"https://feriirawan-api.herokuapp.com/list/symbols/regency/248/200"},{"index":249,"title":"Kabupaten Malang","url":"https://feriirawan-api.herokuapp.com/list/symbols/regency/249/200"},{"index":250,"title":"Kabupaten Mojokerto","url":"https://feriirawan-api.herokuapp.com/list/symbols/regency/250/200"},{"index":251,"title":"Kabupaten Nganjuk","url":"https://feriirawan-api.herokuapp.com/list/symbols/regency/251/200"},{"index":252,"title":"Kabupaten Ngawi","url":"https://feriirawan-api.herokuapp.com/list/symbols/regency/252/200"},{"index":253,"title":"Kabupaten Pacitan","url":"https://feriirawan-api.herokuapp.com/list/symbols/regency/253/200"},{"index":254,"title":"Kabupaten Pamekasan","url":"https://feriirawan-api.herokuapp.com/list/symbols/regency/254/200"},{"index":255,"title":"Kabupaten Pasuruan","url":"https://feriirawan-api.herokuapp.com/list/symbols/regency/255/200"},{"index":256,"title":"Kabupaten Ponorogo","url":"https://feriirawan-api.herokuapp.com/list/symbols/regency/256/200"},{"index":257,"title":"Kabupaten Probolinggo","url":"https://feriirawan-api.herokuapp.com/list/symbols/regency/257/200"},{"index":258,"title":"Kabupaten Sampang","url":"https://feriirawan-api.herokuapp.com/list/symbols/regency/258/200"},{"index":259,"title":"Kabupaten Sidoarjo","url":"https://feriirawan-api.herokuapp.com/list/symbols/regency/259/200"},{"index":260,"title":"Kabupaten Situbondo","url":"https://feriirawan-api.herokuapp.com/list/symbols/regency/260/200"},{"index":261,"title":"Kabupaten Sumenep","url":"https://feriirawan-api.herokuapp.com/list/symbols/regency/261/200"},{"index":262,"title":"Kabupaten Trenggalek","url":"https://feriirawan-api.herokuapp.com/list/symbols/regency/262/200"},{"index":263,"title":"Kabupaten Tuban","url":"https://feriirawan-api.herokuapp.com/list/symbols/regency/263/200"},{"index":264,"title":"Kabupaten Tulungagung","url":"https://feriirawan-api.herokuapp.com/list/symbols/regency/264/200"},{"index":265,"title":"Kota Batu","url":"https://feriirawan-api.herokuapp.com/list/symbols/regency/265/200"},{"index":266,"title":"Kota Blitar","url":"https://feriirawan-api.herokuapp.com/list/symbols/regency/266/200"},{"index":267,"title":"Kota Kediri","url":"https://feriirawan-api.herokuapp.com/list/symbols/regency/267/200"},{"index":268,"title":"Kota Madiun","url":"https://feriirawan-api.herokuapp.com/list/symbols/regency/268/200"},{"index":269,"title":"Kota Malang","url":"https://feriirawan-api.herokuapp.com/list/symbols/regency/269/200"},{"index":270,"title":"Kota Mojokerto","url":"https://feriirawan-api.herokuapp.com/list/symbols/regency/270/200"},{"index":271,"title":"Kota Pasuruan","url":"https://feriirawan-api.herokuapp.com/list/symbols/regency/271/200"},{"index":272,"title":"Kota Probolinggo","url":"https://feriirawan-api.herokuapp.com/list/symbols/regency/272/200"},{"index":273,"title":"Kota Surabaya","url":"https://feriirawan-api.herokuapp.com/list/symbols/regency/273/200"},{"index":274,"title":"Kabupaten Badung","url":"https://feriirawan-api.herokuapp.com/list/symbols/regency/274/200"},{"index":275,"title":"Kabupaten Bangli","url":"https://feriirawan-api.herokuapp.com/list/symbols/regency/275/200"},{"index":276,"title":"Kabupaten Buleleng","url":"https://feriirawan-api.herokuapp.com/list/symbols/regency/276/200"},{"index":277,"title":"Kabupaten Gianyar","url":"https://feriirawan-api.herokuapp.com/list/symbols/regency/277/200"},{"index":278,"title":"Kabupaten Jembrana","url":"https://feriirawan-api.herokuapp.com/list/symbols/regency/278/200"},{"index":279,"title":"Kabupaten Karangasem","url":"https://feriirawan-api.herokuapp.com/list/symbols/regency/279/200"},{"index":280,"title":"Kabupaten Klungkung","url":"https://feriirawan-api.herokuapp.com/list/symbols/regency/280/200"},{"index":281,"title":"Kabupaten Tabanan","url":"https://feriirawan-api.herokuapp.com/list/symbols/regency/281/200"},{"index":282,"title":"Kota Denpasar","url":"https://feriirawan-api.herokuapp.com/list/symbols/regency/282/200"},{"index":283,"title":"Kabupaten Bima","url":"https://feriirawan-api.herokuapp.com/list/symbols/regency/283/200"},{"index":284,"title":"Kabupaten Dompu","url":"https://feriirawan-api.herokuapp.com/list/symbols/regency/284/200"},{"index":285,"title":"Kabupaten Lombok Barat","url":"https://feriirawan-api.herokuapp.com/list/symbols/regency/285/200"},{"index":286,"title":"Kabupaten Lombok Tengah","url":"https://feriirawan-api.herokuapp.com/list/symbols/regency/286/200"},{"index":287,"title":"Kabupaten Lombok Timur","url":"https://feriirawan-api.herokuapp.com/list/symbols/regency/287/200"},{"index":288,"title":"Kabupaten Lombok Utara","url":"https://feriirawan-api.herokuapp.com/list/symbols/regency/288/200"},{"index":289,"title":"Kabupaten Sumbawa","url":"https://feriirawan-api.herokuapp.com/list/symbols/regency/289/200"},{"index":290,"title":"Kabupaten Sumbawa Barat","url":"https://feriirawan-api.herokuapp.com/list/symbols/regency/290/200"},{"index":291,"title":"Kota Bima","url":"https://feriirawan-api.herokuapp.com/list/symbols/regency/291/200"},{"index":292,"title":"Kota Mataram","url":"https://feriirawan-api.herokuapp.com/list/symbols/regency/292/200"},{"index":293,"title":"Kabupaten Alor","url":"https://feriirawan-api.herokuapp.com/list/symbols/regency/293/200"},{"index":294,"title":"Kabupaten Belu","url":"https://feriirawan-api.herokuapp.com/list/symbols/regency/294/200"},{"index":295,"title":"Kabupaten Ende","url":"https://feriirawan-api.herokuapp.com/list/symbols/regency/295/200"},{"index":296,"title":"Kabupaten Flores Timur","url":"https://feriirawan-api.herokuapp.com/list/symbols/regency/296/200"},{"index":297,"title":"Kabupaten Kupang","url":"https://feriirawan-api.herokuapp.com/list/symbols/regency/297/200"},{"index":298,"title":"Kabupaten Lembata","url":"https://feriirawan-api.herokuapp.com/list/symbols/regency/298/200"},{"index":299,"title":"Kabupaten Malaka","url":"https://feriirawan-api.herokuapp.com/list/symbols/regency/299/200"},{"index":300,"title":"Kabupaten Manggarai","url":"https://feriirawan-api.herokuapp.com/list/symbols/regency/300/200"},{"index":301,"title":"Kabupaten Manggarai Barat","url":"https://feriirawan-api.herokuapp.com/list/symbols/regency/301/200"},{"index":302,"title":"Kabupaten Manggarai Timur","url":"https://feriirawan-api.herokuapp.com/list/symbols/regency/302/200"},{"index":303,"title":"Kabupaten Ngada","url":"https://feriirawan-api.herokuapp.com/list/symbols/regency/303/200"},{"index":304,"title":"Kabupaten Nagekeo","url":"https://feriirawan-api.herokuapp.com/list/symbols/regency/304/200"},{"index":305,"title":"Kabupaten Rote Ndao","url":"https://feriirawan-api.herokuapp.com/list/symbols/regency/305/200"},{"index":306,"title":"Kabupaten Sabu Raijua","url":"https://feriirawan-api.herokuapp.com/list/symbols/regency/306/200"},{"index":307,"title":"Kabupaten Sikka","url":"https://feriirawan-api.herokuapp.com/list/symbols/regency/307/200"},{"index":308,"title":"Kabupaten Sumba Barat","url":"https://feriirawan-api.herokuapp.com/list/symbols/regency/308/200"},{"index":309,"title":"Kabupaten Sumba Barat Daya","url":"https://feriirawan-api.herokuapp.com/list/symbols/regency/309/200"},{"index":310,"title":"Kabupaten Sumba Tengah","url":"https://feriirawan-api.herokuapp.com/list/symbols/regency/310/200"},{"index":311,"title":"Kabupaten Sumba Timur","url":"https://feriirawan-api.herokuapp.com/list/symbols/regency/311/200"},{"index":312,"title":"Kabupaten Timor Tengah Selatan","url":"https://feriirawan-api.herokuapp.com/list/symbols/regency/312/200"},{"index":313,"title":"Kabupaten Timor Tengah Utara","url":"https://feriirawan-api.herokuapp.com/list/symbols/regency/313/200"},{"index":314,"title":"Kota Kupang","url":"https://feriirawan-api.herokuapp.com/list/symbols/regency/314/200"},{"index":315,"title":"Kabupaten Bengkayang","url":"https://feriirawan-api.herokuapp.com/list/symbols/regency/315/200"},{"index":316,"title":"Kabupaten Kapuas Hulu","url":"https://feriirawan-api.herokuapp.com/list/symbols/regency/316/200"},{"index":317,"title":"Kabupaten Kayong Utara","url":"https://feriirawan-api.herokuapp.com/list/symbols/regency/317/200"},{"index":318,"title":"Kabupaten Ketapang","url":"https://feriirawan-api.herokuapp.com/list/symbols/regency/318/200"},{"index":319,"title":"Kabupaten Kubu Raya","url":"https://feriirawan-api.herokuapp.com/list/symbols/regency/319/200"},{"index":320,"title":"Kabupaten Landak","url":"https://feriirawan-api.herokuapp.com/list/symbols/regency/320/200"},{"index":321,"title":"Kabupaten Melawi","url":"https://feriirawan-api.herokuapp.com/list/symbols/regency/321/200"},{"index":322,"title":"Kabupaten Mempawah","url":"https://feriirawan-api.herokuapp.com/list/symbols/regency/322/200"},{"index":323,"title":"Kabupaten Sambas","url":"https://feriirawan-api.herokuapp.com/list/symbols/regency/323/200"},{"index":324,"title":"Kabupaten Sanggau","url":"https://feriirawan-api.herokuapp.com/list/symbols/regency/324/200"},{"index":325,"title":"Kabupaten Sekadau","url":"https://feriirawan-api.herokuapp.com/list/symbols/regency/325/200"},{"index":326,"title":"Kabupaten Sintang","url":"https://feriirawan-api.herokuapp.com/list/symbols/regency/326/200"},{"index":327,"title":"Kota Pontianak","url":"https://feriirawan-api.herokuapp.com/list/symbols/regency/327/200"},{"index":328,"title":"Kota Singkawang","url":"https://feriirawan-api.herokuapp.com/list/symbols/regency/328/200"},{"index":329,"title":"Kabupaten Barito Selatan","url":"https://feriirawan-api.herokuapp.com/list/symbols/regency/329/200"},{"index":330,"title":"Kabupaten Barito Timur","url":"https://feriirawan-api.herokuapp.com/list/symbols/regency/330/200"},{"index":331,"title":"Kabupaten Barito Utara","url":"https://feriirawan-api.herokuapp.com/list/symbols/regency/331/200"},{"index":332,"title":"Kabupaten Gunung Mas","url":"https://feriirawan-api.herokuapp.com/list/symbols/regency/332/200"},{"index":333,"title":"Kabupaten Kapuas","url":"https://feriirawan-api.herokuapp.com/list/symbols/regency/333/200"},{"index":334,"title":"Kabupaten Katingan","url":"https://feriirawan-api.herokuapp.com/list/symbols/regency/334/200"},{"index":335,"title":"Kabupaten Kotawaringin Barat","url":"https://feriirawan-api.herokuapp.com/list/symbols/regency/335/200"},{"index":336,"title":"Kabupaten Kotawaringin Timur","url":"https://feriirawan-api.herokuapp.com/list/symbols/regency/336/200"},{"index":337,"title":"Kabupaten Lamandau","url":"https://feriirawan-api.herokuapp.com/list/symbols/regency/337/200"},{"index":338,"title":"Kabupaten Murung Raya","url":"https://feriirawan-api.herokuapp.com/list/symbols/regency/338/200"},{"index":339,"title":"Kabupaten Pulang Pisau","url":"https://feriirawan-api.herokuapp.com/list/symbols/regency/339/200"},{"index":340,"title":"Kabupaten Sukamara","url":"https://feriirawan-api.herokuapp.com/list/symbols/regency/340/200"},{"index":341,"title":"Kabupaten Seruyan","url":"https://feriirawan-api.herokuapp.com/list/symbols/regency/341/200"},{"index":342,"title":"Kota Palangka Raya","url":"https://feriirawan-api.herokuapp.com/list/symbols/regency/342/200"},{"index":343,"title":"Kabupaten Balangan","url":"https://feriirawan-api.herokuapp.com/list/symbols/regency/343/200"},{"index":344,"title":"Kabupaten Banjar","url":"https://feriirawan-api.herokuapp.com/list/symbols/regency/344/200"},{"index":345,"title":"Kabupaten Barito Kuala","url":"https://feriirawan-api.herokuapp.com/list/symbols/regency/345/200"},{"index":346,"title":"Kabupaten Hulu Sungai Selatan","url":"https://feriirawan-api.herokuapp.com/list/symbols/regency/346/200"},{"index":347,"title":"Kabupaten Hulu Sungai Tengah","url":"https://feriirawan-api.herokuapp.com/list/symbols/regency/347/200"},{"index":348,"title":"Kabupaten Hulu Sungai Utara","url":"https://feriirawan-api.herokuapp.com/list/symbols/regency/348/200"},{"index":349,"title":"Kabupaten Kotabaru","url":"https://feriirawan-api.herokuapp.com/list/symbols/regency/349/200"},{"index":350,"title":"Kabupaten Tabalong","url":"https://feriirawan-api.herokuapp.com/list/symbols/regency/350/200"},{"index":351,"title":"Kabupaten Tanah Bumbu","url":"https://feriirawan-api.herokuapp.com/list/symbols/regency/351/200"},{"index":352,"title":"Kabupaten Tanah Laut","url":"https://feriirawan-api.herokuapp.com/list/symbols/regency/352/200"},{"index":353,"title":"Kabupaten Tapin","url":"https://feriirawan-api.herokuapp.com/list/symbols/regency/353/200"},{"index":354,"title":"Kota Banjarbaru","url":"https://feriirawan-api.herokuapp.com/list/symbols/regency/354/200"},{"index":355,"title":"Kota Banjarmasin","url":"https://feriirawan-api.herokuapp.com/list/symbols/regency/355/200"},{"index":356,"title":"Kabupaten Berau","url":"https://feriirawan-api.herokuapp.com/list/symbols/regency/356/200"},{"index":357,"title":"Kabupaten Kutai Barat","url":"https://feriirawan-api.herokuapp.com/list/symbols/regency/357/200"},{"index":358,"title":"Kabupaten Kutai Kartanegara","url":"https://feriirawan-api.herokuapp.com/list/symbols/regency/358/200"},{"index":359,"title":"Kabupaten Kutai Timur","url":"https://feriirawan-api.herokuapp.com/list/symbols/regency/359/200"},{"index":360,"title":"Kabupaten Mahakam Ulu","url":"https://feriirawan-api.herokuapp.com/list/symbols/regency/360/200"},{"index":361,"title":"Kabupaten Paser","url":"https://feriirawan-api.herokuapp.com/list/symbols/regency/361/200"},{"index":362,"title":"Kabupaten Penajam Paser Utara","url":"https://feriirawan-api.herokuapp.com/list/symbols/regency/362/200"},{"index":363,"title":"Kota Balikpapan","url":"https://feriirawan-api.herokuapp.com/list/symbols/regency/363/200"},{"index":364,"title":"Kota Bontang","url":"https://feriirawan-api.herokuapp.com/list/symbols/regency/364/200"},{"index":365,"title":"Kota Samarinda","url":"https://feriirawan-api.herokuapp.com/list/symbols/regency/365/200"},{"index":366,"title":"Kabupaten Bulungan","url":"https://feriirawan-api.herokuapp.com/list/symbols/regency/366/200"},{"index":367,"title":"Kabupaten Malinau","url":"https://feriirawan-api.herokuapp.com/list/symbols/regency/367/200"},{"index":368,"title":"Kabupaten Nunukan","url":"https://feriirawan-api.herokuapp.com/list/symbols/regency/368/200"},{"index":369,"title":"Kabupaten Tana Tidung","url":"https://feriirawan-api.herokuapp.com/list/symbols/regency/369/200"},{"index":370,"title":"Kota Tarakan","url":"https://feriirawan-api.herokuapp.com/list/symbols/regency/370/200"},{"index":371,"title":"Kabupaten Majene","url":"https://feriirawan-api.herokuapp.com/list/symbols/regency/371/200"},{"index":372,"title":"Kabupaten Mamasa","url":"https://feriirawan-api.herokuapp.com/list/symbols/regency/372/200"},{"index":373,"title":"Kabupaten Mamuju","url":"https://feriirawan-api.herokuapp.com/list/symbols/regency/373/200"},{"index":374,"title":"Kabupaten Mamuju Tengah","url":"https://feriirawan-api.herokuapp.com/list/symbols/regency/374/200"},{"index":375,"title":"Kabupaten Pasangkayu","url":"https://feriirawan-api.herokuapp.com/list/symbols/regency/375/200"},{"index":376,"title":"Kabupaten Polewali Mandar","url":"https://feriirawan-api.herokuapp.com/list/symbols/regency/376/200"},{"index":377,"title":"Kabupaten Bantaeng","url":"https://feriirawan-api.herokuapp.com/list/symbols/regency/377/200"},{"index":378,"title":"Kabupaten Barru","url":"https://feriirawan-api.herokuapp.com/list/symbols/regency/378/200"},{"index":379,"title":"Kabupaten Bone","url":"https://feriirawan-api.herokuapp.com/list/symbols/regency/379/200"},{"index":380,"title":"Kabupaten Bulukumba","url":"https://feriirawan-api.herokuapp.com/list/symbols/regency/380/200"},{"index":381,"title":"Kabupaten Enrekang","url":"https://feriirawan-api.herokuapp.com/list/symbols/regency/381/200"},{"index":382,"title":"Kabupaten Gowa","url":"https://feriirawan-api.herokuapp.com/list/symbols/regency/382/200"},{"index":383,"title":"Kabupaten Jeneponto","url":"https://feriirawan-api.herokuapp.com/list/symbols/regency/383/200"},{"index":384,"title":"Kabupaten Kepulauan Selayar","url":"https://feriirawan-api.herokuapp.com/list/symbols/regency/384/200"},{"index":385,"title":"Kabupaten Luwu","url":"https://feriirawan-api.herokuapp.com/list/symbols/regency/385/200"},{"index":386,"title":"Kabupaten Luwu Timur","url":"https://feriirawan-api.herokuapp.com/list/symbols/regency/386/200"},{"index":387,"title":"Kabupaten Luwu Utara","url":"https://feriirawan-api.herokuapp.com/list/symbols/regency/387/200"},{"index":388,"title":"Kabupaten Maros","url":"https://feriirawan-api.herokuapp.com/list/symbols/regency/388/200"},{"index":389,"title":"Kabupaten Pangkajene dan Kepulauan","url":"https://feriirawan-api.herokuapp.com/list/symbols/regency/389/200"},{"index":390,"title":"Kabupaten Pinrang","url":"https://feriirawan-api.herokuapp.com/list/symbols/regency/390/200"},{"index":391,"title":"Kabupaten Sidenreng Rappang (Sidrap)","url":"https://feriirawan-api.herokuapp.com/list/symbols/regency/391/200"},{"index":392,"title":"Kabupaten Sinjai","url":"https://feriirawan-api.herokuapp.com/list/symbols/regency/392/200"},{"index":393,"title":"Kabupaten Soppeng","url":"https://feriirawan-api.herokuapp.com/list/symbols/regency/393/200"},{"index":394,"title":"Kabupaten Takalar","url":"https://feriirawan-api.herokuapp.com/list/symbols/regency/394/200"},{"index":395,"title":"Kabupaten Tana Toraja","url":"https://feriirawan-api.herokuapp.com/list/symbols/regency/395/200"},{"index":396,"title":"Kabupaten Toraja Utara","url":"https://feriirawan-api.herokuapp.com/list/symbols/regency/396/200"},{"index":397,"title":"Kabupaten Wajo","url":"https://feriirawan-api.herokuapp.com/list/symbols/regency/397/200"},{"index":398,"title":"Kota Makassar","url":"https://feriirawan-api.herokuapp.com/list/symbols/regency/398/200"},{"index":399,"title":"Kota Palopo","url":"https://feriirawan-api.herokuapp.com/list/symbols/regency/399/200"},{"index":400,"title":"Kota Parepare","url":"https://feriirawan-api.herokuapp.com/list/symbols/regency/400/200"},{"index":401,"title":"Kabupaten Bombana","url":"https://feriirawan-api.herokuapp.com/list/symbols/regency/401/200"},{"index":402,"title":"Kabupaten Buton","url":"https://feriirawan-api.herokuapp.com/list/symbols/regency/402/200"},{"index":403,"title":"Kabupaten Buton Selatan","url":"https://feriirawan-api.herokuapp.com/list/symbols/regency/403/200"},{"index":404,"title":"Kabupaten Buton Tengah","url":"https://feriirawan-api.herokuapp.com/list/symbols/regency/404/200"},{"index":405,"title":"Kabupaten Buton Utara","url":"https://feriirawan-api.herokuapp.com/list/symbols/regency/405/200"},{"index":406,"title":"Kabupaten Kolaka","url":"https://feriirawan-api.herokuapp.com/list/symbols/regency/406/200"},{"index":407,"title":"Kabupaten Kolaka Timur","url":"https://feriirawan-api.herokuapp.com/list/symbols/regency/407/200"},{"index":408,"title":"Kabupaten Kolaka Utara","url":"https://feriirawan-api.herokuapp.com/list/symbols/regency/408/200"},{"index":409,"title":"Kabupaten Konawe","url":"https://feriirawan-api.herokuapp.com/list/symbols/regency/409/200"},{"index":410,"title":"Kabupaten Konawe Kepulauan","url":"https://feriirawan-api.herokuapp.com/list/symbols/regency/410/200"},{"index":411,"title":"Kabupaten Konawe Selatan","url":"https://feriirawan-api.herokuapp.com/list/symbols/regency/411/200"},{"index":412,"title":"Kabupaten Konawe Utara","url":"https://feriirawan-api.herokuapp.com/list/symbols/regency/412/200"},{"index":413,"title":"Kabupaten Muna","url":"https://feriirawan-api.herokuapp.com/list/symbols/regency/413/200"},{"index":414,"title":"Kabupaten Muna Barat","url":"https://feriirawan-api.herokuapp.com/list/symbols/regency/414/200"},{"index":415,"title":"Kabupaten Wakatobi","url":"https://feriirawan-api.herokuapp.com/list/symbols/regency/415/200"},{"index":416,"title":"Kota Baubau","url":"https://feriirawan-api.herokuapp.com/list/symbols/regency/416/200"},{"index":417,"title":"Kota Kendari","url":"https://feriirawan-api.herokuapp.com/list/symbols/regency/417/200"},{"index":418,"title":"Kabupaten Banggai","url":"https://feriirawan-api.herokuapp.com/list/symbols/regency/418/200"},{"index":419,"title":"Kabupaten Banggai Kepulauan","url":"https://feriirawan-api.herokuapp.com/list/symbols/regency/419/200"},{"index":420,"title":"Kabupaten Banggai Laut","url":"https://feriirawan-api.herokuapp.com/list/symbols/regency/420/200"},{"index":421,"title":"Kabupaten Buol","url":"https://feriirawan-api.herokuapp.com/list/symbols/regency/421/200"},{"index":422,"title":"Kabupaten Donggala","url":"https://feriirawan-api.herokuapp.com/list/symbols/regency/422/200"},{"index":423,"title":"Kabupaten Morowali","url":"https://feriirawan-api.herokuapp.com/list/symbols/regency/423/200"},{"index":424,"title":"Kabupaten Morowali Utara","url":"https://feriirawan-api.herokuapp.com/list/symbols/regency/424/200"},{"index":425,"title":"Kabupaten Parigi Moutong","url":"https://feriirawan-api.herokuapp.com/list/symbols/regency/425/200"},{"index":426,"title":"Kabupaten Poso","url":"https://feriirawan-api.herokuapp.com/list/symbols/regency/426/200"},{"index":427,"title":"Kabupaten Sigi","url":"https://feriirawan-api.herokuapp.com/list/symbols/regency/427/200"},{"index":428,"title":"Kabupaten Tojo Una-Una","url":"https://feriirawan-api.herokuapp.com/list/symbols/regency/428/200"},{"index":429,"title":"Kabupaten Tolitoli","url":"https://feriirawan-api.herokuapp.com/list/symbols/regency/429/200"},{"index":430,"title":"Kota Palu","url":"https://feriirawan-api.herokuapp.com/list/symbols/regency/430/200"},{"index":431,"title":"Kabupaten Boalemo","url":"https://feriirawan-api.herokuapp.com/list/symbols/regency/431/200"},{"index":432,"title":"Kabupaten Bone Bolango","url":"https://feriirawan-api.herokuapp.com/list/symbols/regency/432/200"},{"index":433,"title":"Kabupaten Gorontalo","url":"https://feriirawan-api.herokuapp.com/list/symbols/regency/433/200"},{"index":434,"title":"Kabupaten Gorontalo Utara","url":"https://feriirawan-api.herokuapp.com/list/symbols/regency/434/200"},{"index":435,"title":"Kabupaten Pohuwato","url":"https://feriirawan-api.herokuapp.com/list/symbols/regency/435/200"},{"index":436,"title":"Kota Gorontalo","url":"https://feriirawan-api.herokuapp.com/list/symbols/regency/436/200"},{"index":437,"title":"Kabupaten Bolaang Mongondow","url":"https://feriirawan-api.herokuapp.com/list/symbols/regency/437/200"},{"index":438,"title":"Kabupaten Bolaang Mongondow Selatan","url":"https://feriirawan-api.herokuapp.com/list/symbols/regency/438/200"},{"index":439,"title":"Kabupaten Bolaang Mongondow Timur","url":"https://feriirawan-api.herokuapp.com/list/symbols/regency/439/200"},{"index":440,"title":"Kabupaten Bolaang Mongondow Utara","url":"https://feriirawan-api.herokuapp.com/list/symbols/regency/440/200"},{"index":441,"title":"Kabupaten Kepulauan Sangihe","url":"https://feriirawan-api.herokuapp.com/list/symbols/regency/441/200"},{"index":442,"title":"Kabupaten Kepulauan Siau Tagulandang Biaro (Sitaro)","url":"https://feriirawan-api.herokuapp.com/list/symbols/regency/442/200"},{"index":443,"title":"Kabupaten Kepulauan Talaud","url":"https://feriirawan-api.herokuapp.com/list/symbols/regency/443/200"},{"index":444,"title":"Kabupaten Minahasa","url":"https://feriirawan-api.herokuapp.com/list/symbols/regency/444/200"},{"index":445,"title":"Kabupaten Minahasa Selatan","url":"https://feriirawan-api.herokuapp.com/list/symbols/regency/445/200"},{"index":446,"title":"Kabupaten Minahasa Tenggara","url":"https://feriirawan-api.herokuapp.com/list/symbols/regency/446/200"},{"index":447,"title":"Kabupaten Minahasa Utara","url":"https://feriirawan-api.herokuapp.com/list/symbols/regency/447/200"},{"index":448,"title":"Kota Bitung","url":"https://feriirawan-api.herokuapp.com/list/symbols/regency/448/200"},{"index":449,"title":"Kota Kotamobagu","url":"https://feriirawan-api.herokuapp.com/list/symbols/regency/449/200"},{"index":450,"title":"Kota Manado","url":"https://feriirawan-api.herokuapp.com/list/symbols/regency/450/200"},{"index":451,"title":"Kota Tomohon","url":"https://feriirawan-api.herokuapp.com/list/symbols/regency/451/200"},{"index":452,"title":"Kabupaten Buru","url":"https://feriirawan-api.herokuapp.com/list/symbols/regency/452/200"},{"index":453,"title":"Kabupaten Buru Selatan","url":"https://feriirawan-api.herokuapp.com/list/symbols/regency/453/200"},{"index":454,"title":"Kabupaten Kepulauan Aru","url":"https://feriirawan-api.herokuapp.com/list/symbols/regency/454/200"},{"index":455,"title":"Kabupaten Maluku Barat Daya","url":"https://feriirawan-api.herokuapp.com/list/symbols/regency/455/200"},{"index":456,"title":"Kabupaten Maluku Tengah","url":"https://feriirawan-api.herokuapp.com/list/symbols/regency/456/200"},{"index":457,"title":"Kabupaten Maluku Tenggara","url":"https://feriirawan-api.herokuapp.com/list/symbols/regency/457/200"},{"index":458,"title":"Kabupaten Kepulauan Tanimbar","url":"https://feriirawan-api.herokuapp.com/list/symbols/regency/458/200"},{"index":459,"title":"Kabupaten Seram Bagian Barat","url":"https://feriirawan-api.herokuapp.com/list/symbols/regency/459/200"},{"index":460,"title":"Kabupaten Seram Bagian Timur","url":"https://feriirawan-api.herokuapp.com/list/symbols/regency/460/200"},{"index":461,"title":"Kota Ambon","url":"https://feriirawan-api.herokuapp.com/list/symbols/regency/461/200"},{"index":462,"title":"Kota Tual","url":"https://feriirawan-api.herokuapp.com/list/symbols/regency/462/200"},{"index":463,"title":"Kabupaten Halmahera Barat","url":"https://feriirawan-api.herokuapp.com/list/symbols/regency/463/200"},{"index":464,"title":"Kabupaten Halmahera Tengah","url":"https://feriirawan-api.herokuapp.com/list/symbols/regency/464/200"},{"index":465,"title":"Kabupaten Halmahera Timur","url":"https://feriirawan-api.herokuapp.com/list/symbols/regency/465/200"},{"index":466,"title":"Kabupaten Halmahera Selatan","url":"https://feriirawan-api.herokuapp.com/list/symbols/regency/466/200"},{"index":467,"title":"Kabupaten Halmahera Utara","url":"https://feriirawan-api.herokuapp.com/list/symbols/regency/467/200"},{"index":468,"title":"Kabupaten Kepulauan Sula","url":"https://feriirawan-api.herokuapp.com/list/symbols/regency/468/200"},{"index":469,"title":"Kabupaten Pulau Morotai","url":"https://feriirawan-api.herokuapp.com/list/symbols/regency/469/200"},{"index":470,"title":"Kabupaten Pulau Taliabu","url":"https://feriirawan-api.herokuapp.com/list/symbols/regency/470/200"},{"index":471,"title":"Kota Ternate","url":"https://feriirawan-api.herokuapp.com/list/symbols/regency/471/200"},{"index":472,"title":"Kota Tidore Kepulauan","url":"https://feriirawan-api.herokuapp.com/list/symbols/regency/472/200"},{"index":473,"title":"Kabupaten Fakfak","url":"https://feriirawan-api.herokuapp.com/list/symbols/regency/473/200"},{"index":474,"title":"Kabupaten Kaimana","url":"https://feriirawan-api.herokuapp.com/list/symbols/regency/474/200"},{"index":475,"title":"Kabupaten Manokwari","url":"https://feriirawan-api.herokuapp.com/list/symbols/regency/475/200"},{"index":476,"title":"Kabupaten Manokwari Selatan","url":"https://feriirawan-api.herokuapp.com/list/symbols/regency/476/200"},{"index":477,"title":"Kabupaten Maybrat","url":"https://feriirawan-api.herokuapp.com/list/symbols/regency/477/200"},{"index":478,"title":"Kabupaten Pegunungan Arfak","url":"https://feriirawan-api.herokuapp.com/list/symbols/regency/478/200"},{"index":479,"title":"Kabupaten Raja Ampat","url":"https://feriirawan-api.herokuapp.com/list/symbols/regency/479/200"},{"index":480,"title":"Kabupaten Sorong","url":"https://feriirawan-api.herokuapp.com/list/symbols/regency/480/200"},{"index":481,"title":"Kabupaten Sorong Selatan","url":"https://feriirawan-api.herokuapp.com/list/symbols/regency/481/200"},{"index":482,"title":"Kabupaten Tambrauw","url":"https://feriirawan-api.herokuapp.com/list/symbols/regency/482/200"},{"index":483,"title":"Kabupaten Teluk Bintuni","url":"https://feriirawan-api.herokuapp.com/list/symbols/regency/483/200"},{"index":484,"title":"Kabupaten Teluk Wondama","url":"https://feriirawan-api.herokuapp.com/list/symbols/regency/484/200"},{"index":485,"title":"Kota Sorong","url":"https://feriirawan-api.herokuapp.com/list/symbols/regency/485/200"},{"index":486,"title":"Kabupaten Asmat","url":"https://feriirawan-api.herokuapp.com/list/symbols/regency/486/200"},{"index":487,"title":"Kabupaten Biak Numfor","url":"https://feriirawan-api.herokuapp.com/list/symbols/regency/487/200"},{"index":488,"title":"Kabupaten Boven Digoel","url":"https://feriirawan-api.herokuapp.com/list/symbols/regency/488/200"},{"index":489,"title":"Kabupaten Deiyai","url":"https://feriirawan-api.herokuapp.com/list/symbols/regency/489/200"},{"index":490,"title":"Kabupaten Dogiyai","url":"https://feriirawan-api.herokuapp.com/list/symbols/regency/490/200"},{"index":491,"title":"Kabupaten Intan Jaya","url":"https://feriirawan-api.herokuapp.com/list/symbols/regency/491/200"},{"index":492,"title":"Kabupaten Jayapura","url":"https://feriirawan-api.herokuapp.com/list/symbols/regency/492/200"},{"index":493,"title":"Kabupaten Jayawijaya","url":"https://feriirawan-api.herokuapp.com/list/symbols/regency/493/200"},{"index":494,"title":"Kabupaten Keerom","url":"https://feriirawan-api.herokuapp.com/list/symbols/regency/494/200"},{"index":495,"title":"Kabupaten Kepulauan Yapen","url":"https://feriirawan-api.herokuapp.com/list/symbols/regency/495/200"},{"index":496,"title":"Kabupaten Lanny Jaya","url":"https://feriirawan-api.herokuapp.com/list/symbols/regency/496/200"},{"index":497,"title":"Kabupaten Mamberamo Raya","url":"https://feriirawan-api.herokuapp.com/list/symbols/regency/497/200"},{"index":498,"title":"Kabupaten Mamberamo Tengah","url":"https://feriirawan-api.herokuapp.com/list/symbols/regency/498/200"},{"index":499,"title":"Kabupaten Mappi","url":"https://feriirawan-api.herokuapp.com/list/symbols/regency/499/200"},{"index":500,"title":"Kabupaten Merauke","url":"https://feriirawan-api.herokuapp.com/list/symbols/regency/500/200"},{"index":501,"title":"Kabupaten Mimika","url":"https://feriirawan-api.herokuapp.com/list/symbols/regency/501/200"},{"index":502,"title":"Kabupaten Nabire","url":"https://feriirawan-api.herokuapp.com/list/symbols/regency/502/200"},{"index":503,"title":"Kabupaten Nduga","url":"https://feriirawan-api.herokuapp.com/list/symbols/regency/503/200"},{"index":504,"title":"Kabupaten Paniai","url":"https://feriirawan-api.herokuapp.com/list/symbols/regency/504/200"},{"index":505,"title":"Kabupaten Pegunungan Bintang","url":"https://feriirawan-api.herokuapp.com/list/symbols/regency/505/200"},{"index":506,"title":"Kabupaten Puncak","url":"https://feriirawan-api.herokuapp.com/list/symbols/regency/506/200"},{"index":507,"title":"Kabupaten Puncak Jaya","url":"https://feriirawan-api.herokuapp.com/list/symbols/regency/507/200"},{"index":508,"title":"Kabupaten Sarmi","url":"https://feriirawan-api.herokuapp.com/list/symbols/regency/508/200"},{"index":509,"title":"Kabupaten Supiori","url":"https://feriirawan-api.herokuapp.com/list/symbols/regency/509/200"},{"index":510,"title":"Kabupaten Tolikara","url":"https://feriirawan-api.herokuapp.com/list/symbols/regency/510/200"},{"index":511,"title":"Kabupaten Waropen","url":"https://feriirawan-api.herokuapp.com/list/symbols/regency/511/200"},{"index":512,"title":"Kabupaten Yahukimo","url":"https://feriirawan-api.herokuapp.com/list/symbols/regency/512/200"},{"index":513,"title":"Kabupaten Yalimo","url":"https://feriirawan-api.herokuapp.com/list/symbols/regency/513/200"},{"index":514,"title":"Kota Jayapura","url":"https://feriirawan-api.herokuapp.com/list/symbols/regency/514/200"}]