[{"soal":"Kupetik bintang, untuk kau simpan, Cahayanya tenang, berikan kau perlindungan, sebagai pengingat teman, juga sebagai ______ semua tantangan","jawaban":"Jawaban"},{"soal":"Berada di pelukanmu mengajarkanku apa artinya______ kesempurnaan cinta","jawaban":"Kenyamanan"},{"soal":"Cinta itu ruang dan waktu, tak sekejap harus mau. Cinta butuh ruang yang sepi, tuk______ hati","jawaban":"Mengutarakan"},{"soal":"Tak bisa tuk teruskan, Dunia kita_____, Bila memang ini ujungnya","jawaban":"Berbeda"},{"soal":"Aku lah yang tetap memelukmu erat, saat kau berfikir______ berpaling","jawaban":"Mungkinkah"},{"soal":"Kau harus bisa berlapang dada. Kau harus bisa ambil______","jawaban":"Hikmahnya"},{"soal":"Untuk apa? Untuk apa cinta tanpa_____, untuk apa cinta tanpa perbuatan. Tak ada artinya","jawaban":"Kejujuran"},{"soal":"Ku bisa hadapi_____ terluka, yang pernah kurasa di waktu dulu","jawaban":"Perihnya"},{"soal":"Ada yang lain, di senyummu, yang_____ lidahku gugup tak bergerak","jawaban":"Membuat"},{"soal":"Aku sayang padamu, aku cinta padamu, semua kan ku_____ demi kebahagiaanmu","jawaban":"Lakukan"},{"soal":"Bila rindu ini, masih milkmu, ______ sebuah tanya untukmu, harus berapa lama aku menunggumu","jawaban":"Kuhadirkan"},{"soal":"Ada ruang hatiku kini kau sentuh, aku bukan jatuh _____ namun aku jatuh hati","jawaban":"Kau adalah yang terindah, yang membuat hatiku tenang, mencintai kamu takkan pernah takut, sebab kau _____ segala kurangku"},{"soal":"Ku cinta kau, ku cinta kau, hanya kamu di hatiku, takkan pernah kan ______, sampai kau jadi milikku","jawaban":"Terganti"},{"soal":"Ku suka dirinya, mungkin aku sayang, namun _____ mungkin, kau menjadi milikku","jawaban":"Apakah"},{"soal":"Dia dia dia cinta yang kutunggu tunggu tunggu, dia dia dia _____ hidupku","jawaban":"Lengkapi"},{"soal":"Dengar laraku, suara hati ini _____ namamu, karna separuh aku, dirimu","jawaban":"Memanggil"},{"soal":"Ayo putra bangsa, harumkan negeri ini, ____ kita bangga, Indonesia","jawaban":"Jadikan"},{"soal":"Cinta jangan pernah kau coba _____ karna disini ku butuh kamu","jawaban":"Pergi"},{"soal":"Untuk apa? Untuk apa cinta tanpa_____, untuk apa cinta tanpa perbuatan","jawaban":"Kejujuran"},{"soal":"Bila memang harus berpisah, aku akan tetap ceria, bila memang ini______, kau kan tetap ada dalam jiwa","jawaban":"Ujungnya"},{"soal":"Kau tau sejak pertama bertemu, terbayang _____ indah di matamu, kau berikan tatapan cinta untukku","jawaban":"Senyum"},{"soal":"Kau dan aku tercipta oleh waktu, hanya untuk saling mencintai, mungkin di_____ bersama, rajut kasih jalin cinta","jawaban":"Takdirkan"},{"soal":"Apa yang salah dengan lagu ini, kenapa _____ ku mengingatmu, seperti aku bisa merasakan getaran jantung dan langkah kakimu","jawaban":"Kembali"},{"soal":"Akulah serpihan kisah masa lalumu, yang ____ ingin tau keadaanmu","jawaban":"Sekedar"},{"soal":"Mungkin suatu saat nanti, kau _____ bahagia meski tak bersamaku","jawaban":"Temukan"},{"soal":"Kau yang kuinginkan, meski tak ku____, kau yang kubayangkan, yang slalu kuimpikan","jawaban":"Ungkapkan"},{"soal":"Terlalu manis untuk dilupakan, kenangan yang indah _____ tinggalah mimpi","jawaban":"Bersamamu"},{"soal":"Mana mungkin selimut tetangga, hangati _____ dalam kedinginan, malam-malam panjang, setiap tidurku selalu kesepian","jawaban":"Tubuhku"},{"soal":"Dan terjadi lagi, kisah lama yang _____ kembali, kau terluka lagi, dari cinta yang rumit kau jalani","jawaban":"Terulang"},{"soal":"Garuda di dadaku, garuda kebanggaanku, ku yakin hari ini pasti menang, kobarkan ______, tunjukkan keinginanmu, ku yakin hari ini pasti menang","jawaban":"Semangatmu"},{"soal":"Sampai saat ini, rasaku ______ di sini, rasa yang tak akan hilang oleh waktu","jawaban":"Bertahan"},{"soal":"Aku tak bisa _____, bila kau tak ada di sini, aku tak habis pikirkan, bila kau tak lagi temani aku","jawaban":"Bayangkan"},{"soal":"Ada pelangi, di bola matamu, dan _____ diri tuk bilang aku sayang padamu","jawaban":"Memaksa"},{"soal":"Setidaknya diriku pernah berjuang, meski tak pernah ternilai di matamu, setidaknya ku pernah menanti, _____ melawan sepi hatiku","jawaban":"Terkapar"},{"soal":"Bawalah aku ke dalam, ke dalam hangat dirimu, bawalah aku _____ menari dalam pelukanmu","jawaban":"Kesana"},{"soal":"Mengapa kau pergi, mengapa kau pergi, di saat aku mulai mencintaimu, berharap engkau jadi ____ hatiku, malah kau pergi jauh dari hidupku","jawaban":"Kekasih"},{"soal":"Sepenuhnya akuuu, ingin memelukmuuu, _____ penuh harapan, tuk mencintaimu","jawaban":"Mendekap"},{"soal":"Bila tak selamanya kita bisa bersama, haruskah _____ di sini, dan bila selamanya kita bisa bersama, kusimpan cinta ini","jawaban":"Menunggumu"}]