{
  "users": {
    "6285655620413@s.whatsapp.net": {
      "afkTime": -1,
      "afkReason": "",
      "limit": 7
    },
    "6285773645741@s.whatsapp.net": {
      "afkTime": -1,
      "afkReason": "",
      "limit": 50
    },
    "6285716566961@s.whatsapp.net": {
      "afkTime": -1,
      "afkReason": "",
      "limit": 50
    },
    "6282116995133@s.whatsapp.net": {
      "afkTime": -1,
      "afkReason": "",
      "limit": 50
    },
    "6283829149523@s.whatsapp.net": {
      "afkTime": -1,
      "afkReason": "",
      "limit": 50
    },
    "6282333013369@s.whatsapp.net": {
      "afkTime": -1,
      "afkReason": "",
      "limit": 50
    },
    "6285779172766@s.whatsapp.net": {
      "afkTime": -1,
      "afkReason": "",
      "limit": 50
    },
    "62821410646171@s.whatsapp.net": {
      "afkTime": -1,
      "afkReason": "",
      "limit": 50
    },
    "6283120909755@s.whatsapp.net": {
      "afkTime": -1,
      "afkReason": "",
      "limit": 50
    },
    "6282184992730@s.whatsapp.net": {
      "afkTime": -1,
      "afkReason": "",
      "limit": 50
    },
    "6285283864902@s.whatsapp.net": {
      "afkTime": -1,
      "afkReason": "",
      "limit": 50
    },
    "6285791762177@s.whatsapp.net": {
      "afkTime": -1,
      "afkReason": "",
      "limit": -45
    },
    "6283894622508@s.whatsapp.net": {
      "afkTime": -1,
      "afkReason": "",
      "limit": 50
    },
    "628979314263@s.whatsapp.net": {
      "afkTime": -1,
      "afkReason": "",
      "limit": 50
    },
    "6285335146738@s.whatsapp.net": {
      "afkTime": -1,
      "afkReason": "",
      "limit": 50
    },
    "6289650276717@s.whatsapp.net": {
      "afkTime": -1,
      "afkReason": "",
      "limit": 50
    },
    "62895600872255@s.whatsapp.net": {
      "afkTime": -1,
      "afkReason": "",
      "limit": 50
    },
    "6289519009370@s.whatsapp.net": {
      "afkTime": -1,
      "afkReason": "",
      "limit": 50
    },
    "6281364658505@s.whatsapp.net": {
      "afkTime": -1,
      "afkReason": "",
      "limit": 50
    },
    "6281549112865@s.whatsapp.net": {
      "afkTime": -1,
      "afkReason": "",
      "limit": 50
    },
    "6285894983049@s.whatsapp.net": {
      "afkTime": -1,
      "afkReason": "",
      "limit": 50
    },
    "6289678759776@s.whatsapp.net": {
      "afkTime": -1,
      "afkReason": "",
      "limit": 50
    },
    "6288902848568@s.whatsapp.net": {
      "afkTime": -1,
      "afkReason": "",
      "limit": 50
    },
    "6288220154946@s.whatsapp.net": {
      "afkTime": -1,
      "afkReason": "",
      "limit": 50
    },
    "6281287815723@s.whatsapp.net": {
      "afkTime": -1,
      "afkReason": "",
      "limit": 50
    },
    "6287770114755@s.whatsapp.net": {
      "afkTime": -1,
      "afkReason": "",
      "limit": 50
    },
    "6285893864904@s.whatsapp.net": {
      "afkTime": -1,
      "afkReason": "",
      "limit": 50
    },
    "6289516540458@s.whatsapp.net": {
      "afkTime": -1,
      "afkReason": "",
      "limit": 50
    },
    "6285840080159@s.whatsapp.net": {
      "afkTime": -1,
      "afkReason": "",
      "limit": 50
    },
    "6287761047016@s.whatsapp.net": {
      "afkTime": -1,
      "afkReason": "",
      "limit": 50
    },
    "6285750775253@s.whatsapp.net": {
      "afkTime": -1,
      "afkReason": "",
      "limit": 50
    },
    "6283133251409@s.whatsapp.net": {
      "afkTime": -1,
      "afkReason": "",
      "limit": 50
    },
    "6283890701903@s.whatsapp.net": {
      "afkTime": -1,
      "afkReason": "",
      "limit": 50
    },
    "6285795029679@s.whatsapp.net": {
      "afkTime": -1,
      "afkReason": "",
      "limit": 50
    },
    "6282331702539@s.whatsapp.net": {
      "afkTime": -1,
      "afkReason": "",
      "limit": 50
    },
    "6283199071171@s.whatsapp.net": {
      "afkTime": -1,
      "afkReason": "",
      "limit": 50
    },
    "6282329754508@s.whatsapp.net": {
      "afkTime": -1,
      "afkReason": "",
      "limit": 50
    },
    "6283847069110@s.whatsapp.net": {
      "afkTime": -1,
      "afkReason": "",
      "limit": 50
    },
    "6283819128573@s.whatsapp.net": {
      "afkTime": -1,
      "afkReason": "",
      "limit": 50
    },
    "6285974692517@s.whatsapp.net": {
      "afkTime": -1,
      "afkReason": "",
      "limit": 50
    },
    "62895321338799@s.whatsapp.net": {
      "afkTime": -1,
      "afkReason": "",
      "limit": 50
    },
    "6287740056994@s.whatsapp.net": {
      "afkTime": -1,
      "afkReason": "",
      "limit": 50
    },
    "6281367253629@s.whatsapp.net": {
      "afkTime": -1,
      "afkReason": "",
      "limit": 50
    },
    "6285795737245@s.whatsapp.net": {
      "afkTime": -1,
      "afkReason": "",
      "limit": 50
    },
    "6282299377672@s.whatsapp.net": {
      "afkTime": -1,
      "afkReason": "",
      "limit": 50
    },
    "6281368864100@s.whatsapp.net": {
      "afkTime": -1,
      "afkReason": "",
      "limit": 50
    },
    "628124455687@s.whatsapp.net": {
      "afkTime": -1,
      "afkReason": "",
      "limit": 50
    },
    "6283139000087@s.whatsapp.net": {
      "afkTime": -1,
      "afkReason": "",
      "limit": 50
    },
    "6287879999232@s.whatsapp.net": {
      "afkTime": -1,
      "afkReason": "",
      "limit": 50
    },
    "6282291204867@s.whatsapp.net": {
      "afkTime": -1,
      "afkReason": "",
      "limit": 50
    },
    "6285607898886@s.whatsapp.net": {
      "afkTime": -1,
      "afkReason": "",
      "limit": 50
    },
    "6285174340858@s.whatsapp.net": {
      "afkTime": -1,
      "afkReason": "",
      "limit": 50
    },
    "6289650766772@s.whatsapp.net": {
      "afkTime": -1,
      "afkReason": "",
      "limit": 50
    },
    "6283147157459@s.whatsapp.net": {
      "afkTime": -1,
      "afkReason": "",
      "limit": 50
    },
    "62895625550208@s.whatsapp.net": {
      "afkTime": -1,
      "afkReason": "",
      "limit": 50
    },
    "6285648978793@s.whatsapp.net": {
      "afkTime": -1,
      "afkReason": "",
      "limit": 50
    },
    "628816704205@s.whatsapp.net": {
      "afkTime": -1,
      "afkReason": "",
      "limit": 50
    },
    "6289637196946@s.whatsapp.net": {
      "afkTime": -1,
      "afkReason": "",
      "limit": 50
    },
    "62895376915959@s.whatsapp.net": {
      "afkTime": -1,
      "afkReason": "",
      "limit": 50
    },
    "6282146594775@s.whatsapp.net": {
      "afkTime": -1,
      "afkReason": "",
      "limit": 50
    },
    "6282286291393@s.whatsapp.net": {
      "afkTime": -1,
      "afkReason": "",
      "limit": 50
    },
    "6282277338962@s.whatsapp.net": {
      "afkTime": -1,
      "afkReason": "",
      "limit": 50
    },
    "628165466368@s.whatsapp.net": {
      "afkTime": -1,
      "afkReason": "",
      "limit": 50
    },
    "6282110056087@s.whatsapp.net": {
      "afkTime": -1,
      "afkReason": "",
      "limit": 42
    },
    "6283820503514@s.whatsapp.net": {
      "afkTime": -1,
      "afkReason": "",
      "limit": 50
    },
    "62895395007536@s.whatsapp.net": {
      "afkTime": -1,
      "afkReason": "",
      "limit": 45
    },
    "6282192465791@s.whatsapp.net": {
      "afkTime": -1,
      "afkReason": "",
      "limit": 49
    },
    "6285775616873@s.whatsapp.net": {
      "afkTime": -1,
      "afkReason": "",
      "limit": 49
    },
    "62821696380856@s.whatsapp.net": {
      "afkTime": -1,
      "afkReason": "",
      "limit": 50
    },
    "62812326584962@s.whatsapp.net": {
      "afkTime": -1,
      "afkReason": "",
      "limit": 50
    },
    "62881010196073@s.whatsapp.net": {
      "afkTime": -1,
      "afkReason": "",
      "limit": 50
    },
    "6282116780026@s.whatsapp.net": {
      "afkTime": -1,
      "afkReason": "",
      "limit": 50
    },
    "6288972288858@s.whatsapp.net": {
      "afkTime": -1,
      "afkReason": "",
      "limit": 43
    },
    "6285230118911@s.whatsapp.net": {
      "afkTime": -1,
      "afkReason": "",
      "limit": 50
    },
    "6282275403263@s.whatsapp.net": {
      "afkTime": -1,
      "afkReason": "",
      "limit": 43
    },
    "6285155100644@s.whatsapp.net": {
      "afkTime": -1,
      "afkReason": "",
      "limit": 50
    },
    "62859102712338@s.whatsapp.net": {
      "afkTime": -1,
      "afkReason": "",
      "limit": 49
    },
    "6282155122188@s.whatsapp.net": {
      "afkTime": -1,
      "afkReason": "",
      "limit": 50
    },
    "6282125808960@s.whatsapp.net": {
      "afkTime": -1,
      "afkReason": "",
      "limit": 50
    },
    "62821696380858@s.whatsapp.net": {
      "afkTime": -1,
      "afkReason": "",
      "limit": 50
    },
    "6289669060882@s.whatsapp.net": {
      "afkTime": -1,
      "afkReason": "",
      "limit": 48
    },
    "6281534162316@s.whatsapp.net": {
      "afkTime": -1,
      "afkReason": "",
      "limit": 50
    },
    "62838766060293@s.whatsapp.net": {
      "afkTime": -1,
      "afkReason": "",
      "limit": 50
    },
    "6285753934100@s.whatsapp.net": {
      "afkTime": -1,
      "afkReason": "",
      "limit": 50
    },
    "6281366437676@s.whatsapp.net": {
      "afkTime": -1,
      "afkReason": "",
      "limit": 50
    },
    "6282141245088@s.whatsapp.net": {
      "afkTime": -1,
      "afkReason": "",
      "limit": 50
    },
    "6281911317205@s.whatsapp.net": {
      "afkTime": -1,
      "afkReason": "",
      "limit": 49
    },
    "6285163195629@s.whatsapp.net": {
      "afkTime": -1,
      "afkReason": "",
      "limit": 50
    },
    "6283847822745@s.whatsapp.net": {
      "afkTime": -1,
      "afkReason": "",
      "limit": 50
    },
    "6281252176909@s.whatsapp.net": {
      "afkTime": -1,
      "afkReason": "",
      "limit": 50
    },
    "6281953407012@s.whatsapp.net": {
      "afkTime": -1,
      "afkReason": "",
      "limit": 49
    },
    "6288902002897@s.whatsapp.net": {
      "afkTime": -1,
      "afkReason": "",
      "limit": 50
    },
    "6285742112532@s.whatsapp.net": {
      "afkTime": -1,
      "afkReason": "",
      "limit": 50
    },
    "12707777799@s.whatsapp.net": {
      "afkTime": -1,
      "afkReason": "",
      "limit": 50
    },
    "6281252352238@s.whatsapp.net": {
      "afkTime": -1,
      "afkReason": "",
      "limit": 45
    },
    "6282127242041@s.whatsapp.net": {
      "afkTime": -1,
      "afkReason": "",
      "limit": 42
    },
    "6287829819482@s.whatsapp.net": {
      "afkTime": -1,
      "afkReason": "",
      "limit": 50
    },
    "6281333492552@s.whatsapp.net": {
      "afkTime": -1,
      "afkReason": "",
      "limit": 50
    },
    "62895323254598@s.whatsapp.net": {
      "afkTime": -1,
      "afkReason": "",
      "limit": 50
    },
    "6281252055232@s.whatsapp.net": {
      "afkTime": -1,
      "afkReason": "",
      "limit": 44
    },
    "6288983744802@s.whatsapp.net": {
      "afkTime": -1,
      "afkReason": "",
      "limit": 50
    },
    "6285752060246@s.whatsapp.net": {
      "afkTime": -1,
      "afkReason": "",
      "limit": 50
    },
    "6289510763178@s.whatsapp.net": {
      "afkTime": -1,
      "afkReason": "",
      "limit": 50
    },
    "6281996439290@s.whatsapp.net": {
      "afkTime": -1,
      "afkReason": "",
      "limit": 50
    },
    "62895372305081@s.whatsapp.net": {
      "afkTime": -1,
      "afkReason": "",
      "limit": 50
    },
    "6282228701980@s.whatsapp.net": {
      "afkTime": -1,
      "afkReason": "",
      "limit": 49
    },
    "628813917475@s.whatsapp.net": {
      "afkTime": -1,
      "afkReason": "",
      "limit": 45
    },
    "6283830350320@s.whatsapp.net": {
      "afkTime": -1,
      "afkReason": "",
      "limit": 47
    },
    "6285236226786@s.whatsapp.net": {
      "afkTime": -1,
      "afkReason": "",
      "limit": 50
    },
    "6283131341678@s.whatsapp.net": {
      "afkTime": -1,
      "afkReason": "",
      "limit": 32
    },
    "6285340827717@s.whatsapp.net": {
      "afkTime": -1,
      "afkReason": "",
      "limit": 50
    },
    "6289668590244@s.whatsapp.net": {
      "afkTime": -1,
      "afkReason": "",
      "limit": 48
    },
    "6285868711721@s.whatsapp.net": {
      "afkTime": -1,
      "afkReason": "",
      "limit": 50
    },
    "6281231319880@s.whatsapp.net": {
      "afkTime": -1,
      "afkReason": "",
      "limit": 50
    },
    "6285774615156@s.whatsapp.net": {
      "afkTime": -1,
      "afkReason": "",
      "limit": 48
    },
    "6282169638085@s.whatsapp.net": {
      "afkTime": -1,
      "afkReason": "",
      "limit": 46
    },
    "6282253030750@s.whatsapp.net": {
      "afkTime": -1,
      "afkReason": "",
      "limit": 48
    },
    "6287844106020@s.whatsapp.net": {
      "afkTime": -1,
      "afkReason": "",
      "limit": 50
    },
    "6285959057386@s.whatsapp.net": {
      "afkTime": -1,
      "afkReason": "",
      "limit": 50
    },
    "6283133947291@s.whatsapp.net": {
      "afkTime": -1,
      "afkReason": "",
      "limit": 50
    },
    "6282135746457@s.whatsapp.net": {
      "afkTime": -1,
      "afkReason": "",
      "limit": 50
    },
    "6285771680543@s.whatsapp.net": {
      "afkTime": -1,
      "afkReason": "",
      "limit": 50
    },
    "6281572049830@s.whatsapp.net": {
      "afkTime": -1,
      "afkReason": "",
      "limit": 50
    },
    "6283899211347@s.whatsapp.net": {
      "afkTime": -1,
      "afkReason": "",
      "limit": 50
    },
    "6289676131740@s.whatsapp.net": {
      "afkTime": -1,
      "afkReason": "",
      "limit": 50
    },
    "6281330397910@s.whatsapp.net": {
      "afkTime": -1,
      "afkReason": "",
      "limit": 50
    },
    "6285651307830@s.whatsapp.net": {
      "afkTime": -1,
      "afkReason": "",
      "limit": 50
    },
    "6288233915385@s.whatsapp.net": {
      "afkTime": -1,
      "afkReason": "",
      "limit": 48
    },
    "6289678063142@s.whatsapp.net": {
      "afkTime": -1,
      "afkReason": "",
      "limit": 50
    }
  },
  "chats": {
    "6285655620413@s.whatsapp.net": {
      "mute": false,
      "antilink": false
    },
    "6285773645741@s.whatsapp.net": {
      "mute": false,
      "antilink": false
    },
    "120363043990439203@g.us": {
      "mute": false,
      "antilink": false
    },
    "120363026757819402@g.us": {
      "mute": false,
      "antilink": false
    },
    "6282116995133@s.whatsapp.net": {
      "mute": false,
      "antilink": false
    },
    "6283829149523@s.whatsapp.net": {
      "mute": false,
      "antilink": false
    },
    "6282333013369@s.whatsapp.net": {
      "mute": false,
      "antilink": false
    },
    "6285779172766@s.whatsapp.net": {
      "mute": false,
      "antilink": false
    },
    "62821410646171@s.whatsapp.net": {
      "mute": false,
      "antilink": false
    },
    "6283120909755@s.whatsapp.net": {
      "mute": false,
      "antilink": false
    },
    "6282184992730@s.whatsapp.net": {
      "mute": false,
      "antilink": false
    },
    "6285283864902@s.whatsapp.net": {
      "mute": false,
      "antilink": false
    },
    "6283894622508@s.whatsapp.net": {
      "mute": false,
      "antilink": false
    },
    "628979314263@s.whatsapp.net": {
      "mute": false,
      "antilink": false
    },
    "6283852811991@s.whatsapp.net": {
      "mute": false,
      "antilink": false
    },
    "6285335146738@s.whatsapp.net": {
      "mute": false,
      "antilink": false
    },
    "6289650276717@s.whatsapp.net": {
      "mute": false,
      "antilink": false
    },
    "62895600872255@s.whatsapp.net": {
      "mute": false,
      "antilink": false
    },
    "6289519009370@s.whatsapp.net": {
      "mute": false,
      "antilink": false
    },
    "6281364658505@s.whatsapp.net": {
      "mute": false,
      "antilink": false
    },
    "6281549112865@s.whatsapp.net": {
      "mute": false,
      "antilink": false
    },
    "6285894983049@s.whatsapp.net": {
      "mute": false,
      "antilink": false
    },
    "6289678759776@s.whatsapp.net": {
      "mute": false,
      "antilink": false
    },
    "6288902848568@s.whatsapp.net": {
      "mute": false,
      "antilink": false
    },
    "6288220154946@s.whatsapp.net": {
      "mute": false,
      "antilink": false
    },
    "120363046229633504@g.us": {
      "mute": false,
      "antilink": false
    },
    "6285791762177@s.whatsapp.net": {
      "mute": false,
      "antilink": false
    },
    "6285162667856@s.whatsapp.net": {
      "mute": false,
      "antilink": false
    },
    "6281287815723@s.whatsapp.net": {
      "mute": false,
      "antilink": false
    },
    "6287770114755@s.whatsapp.net": {
      "mute": false,
      "antilink": false
    },
    "6285893864904@s.whatsapp.net": {
      "mute": false,
      "antilink": false
    },
    "62895418200111@s.whatsapp.net": {
      "mute": false,
      "antilink": false
    },
    "120363044168268376@g.us": {
      "mute": false,
      "antilink": false
    },
    "120363030587328136@g.us": {
      "mute": false,
      "antilink": false
    },
    "120363046804006884@g.us": {
      "mute": false,
      "antilink": false
    },
    "6289516540458@s.whatsapp.net": {
      "mute": false,
      "antilink": false
    },
    "6285840080159@s.whatsapp.net": {
      "mute": false,
      "antilink": false
    },
    "6287761047016@s.whatsapp.net": {
      "mute": false,
      "antilink": false
    },
    "6285750775253@s.whatsapp.net": {
      "mute": false,
      "antilink": false
    },
    "120363048447778930@g.us": {
      "mute": false,
      "antilink": false,
      "welcome": false
    },
    "6283133251409@s.whatsapp.net": {
      "mute": false,
      "antilink": false
    },
    "6283890701903@s.whatsapp.net": {
      "mute": false,
      "antilink": false
    },
    "120363041933165988@g.us": {
      "mute": false,
      "antilink": false
    },
    "6285795029679@s.whatsapp.net": {
      "mute": false,
      "antilink": false
    },
    "6283199071171@s.whatsapp.net": {
      "mute": false,
      "antilink": false
    },
    "120363029933312482@g.us": {
      "mute": false,
      "antilink": false
    },
    "6282329754508@s.whatsapp.net": {
      "mute": false,
      "antilink": false
    },
    "6281349671132@s.whatsapp.net": {
      "mute": false,
      "antilink": false
    },
    "6283847069110@s.whatsapp.net": {
      "mute": false,
      "antilink": false
    },
    "6283819128573@s.whatsapp.net": {
      "mute": false,
      "antilink": false
    },
    "6285974692517@s.whatsapp.net": {
      "mute": false,
      "antilink": false
    },
    "62895321338799@s.whatsapp.net": {
      "mute": false,
      "antilink": false
    },
    "6287740056994@s.whatsapp.net": {
      "mute": false,
      "antilink": false
    },
    "6281367253629@s.whatsapp.net": {
      "mute": false,
      "antilink": false
    },
    "6285795737245@s.whatsapp.net": {
      "mute": false,
      "antilink": false
    },
    "6282299377672@s.whatsapp.net": {
      "mute": false,
      "antilink": false
    },
    "6281368864100@s.whatsapp.net": {
      "mute": false,
      "antilink": false
    },
    "628124455687@s.whatsapp.net": {
      "mute": false,
      "antilink": false
    },
    "6283139000087@s.whatsapp.net": {
      "mute": false,
      "antilink": false
    },
    "6282291204867-1626490644@g.us": {
      "mute": false,
      "antilink": false
    },
    "120363039904460957@g.us": {
      "mute": false,
      "antilink": false
    },
    "6285607898886@s.whatsapp.net": {
      "mute": false,
      "antilink": false
    },
    "6285174340858@s.whatsapp.net": {
      "mute": false,
      "antilink": false
    },
    "6289650766772@s.whatsapp.net": {
      "mute": false,
      "antilink": false
    },
    "6283147157459@s.whatsapp.net": {
      "mute": false,
      "antilink": false
    },
    "120363080441771559@g.us": {
      "mute": false,
      "antilink": false
    },
    "62895625550208@s.whatsapp.net": {
      "mute": false,
      "antilink": false
    },
    "6285814223630@s.whatsapp.net": {
      "mute": false,
      "antilink": false
    },
    "120363040316635515@g.us": {
      "mute": false,
      "antilink": false
    },
    "6285648978793@s.whatsapp.net": {
      "mute": false,
      "antilink": false
    },
    "628816704205@s.whatsapp.net": {
      "mute": false,
      "antilink": false
    },
    "6289637196946@s.whatsapp.net": {
      "mute": false,
      "antilink": false
    },
    "120363087748524007@g.us": {
      "mute": false,
      "antilink": false
    },
    "62895376915959@s.whatsapp.net": {
      "mute": false,
      "antilink": false
    },
    "628165466368@s.whatsapp.net": {
      "mute": false,
      "antilink": false
    },
    "120363049970960761@g.us": {
      "mute": false,
      "antilink": false
    },
    "6282146594775@s.whatsapp.net": {
      "mute": false,
      "antilink": false
    },
    "6282286291393@s.whatsapp.net": {
      "mute": false,
      "antilink": false
    },
    "120363093018419928@g.us": {
      "mute": false,
      "antilink": false
    },
    "6282277338962@s.whatsapp.net": {
      "mute": false,
      "antilink": false
    },
    "6282110056087@s.whatsapp.net": {
      "mute": false,
      "antilink": false
    },
    "62895395007536@s.whatsapp.net": {
      "mute": false,
      "antilink": false
    },
    "6283820503514@s.whatsapp.net": {
      "mute": false,
      "antilink": false
    },
    "120363080236448548@g.us": {
      "mute": false,
      "antilink": false
    },
    "6285155100644@s.whatsapp.net": {
      "mute": false,
      "antilink": false
    },
    "6289669060882@s.whatsapp.net": {
      "mute": false,
      "antilink": false
    },
    "120363077344805318@g.us": {
      "mute": false,
      "antilink": false
    },
    "62821696380858@s.whatsapp.net": {
      "mute": false,
      "antilink": false
    },
    "120363108859380745@g.us": {
      "mute": false,
      "antilink": false
    },
    "6282155122188@s.whatsapp.net": {
      "mute": false,
      "antilink": false
    },
    "62812326584962@s.whatsapp.net": {
      "mute": false,
      "antilink": false
    },
    "6283847822745@s.whatsapp.net": {
      "mute": false,
      "antilink": false
    },
    "6285775616873@s.whatsapp.net": {
      "mute": false,
      "antilink": false
    },
    "6281953407012@s.whatsapp.net": {
      "mute": false,
      "antilink": false
    },
    "120363113248273380@g.us": {
      "mute": false,
      "antilink": false
    },
    "6287829819482@s.whatsapp.net": {
      "mute": false,
      "antilink": false
    },
    "6281252176909@s.whatsapp.net": {
      "mute": false,
      "antilink": false
    },
    "120363098506986567@g.us": {
      "mute": false,
      "antilink": false
    },
    "6287734050887@s.whatsapp.net": {
      "mute": false,
      "antilink": false
    },
    "6281252055232@s.whatsapp.net": {
      "mute": false,
      "antilink": false
    },
    "6282275403263@s.whatsapp.net": {
      "mute": false,
      "antilink": false
    },
    "6281252352238@s.whatsapp.net": {
      "mute": false,
      "antilink": false
    },
    "6285163195629@s.whatsapp.net": {
      "mute": false,
      "antilink": false
    },
    "62895323254598@s.whatsapp.net": {
      "mute": false,
      "antilink": false
    },
    "120363100491467840@g.us": {
      "mute": false,
      "antilink": false
    },
    "6285752060246@s.whatsapp.net": {
      "mute": false,
      "antilink": false
    },
    "62821696380856@s.whatsapp.net": {
      "mute": false,
      "antilink": false
    },
    "6282228701980@s.whatsapp.net": {
      "mute": false,
      "antilink": false
    },
    "120363112508968449@g.us": {
      "mute": false,
      "antilink": false
    },
    "6282253030750@s.whatsapp.net": {
      "mute": false,
      "antilink": false
    },
    "6285774615156@s.whatsapp.net": {
      "mute": false,
      "antilink": false
    },
    "6282169638085@s.whatsapp.net": {
      "mute": false,
      "antilink": false
    },
    "12707777799@s.whatsapp.net": {
      "mute": false,
      "antilink": false
    },
    "120363133335184646@g.us": {
      "mute": false,
      "antilink": false
    },
    "120363114330005131@g.us": {
      "mute": false,
      "antilink": false
    },
    "6283131341678@s.whatsapp.net": {
      "mute": false,
      "antilink": false
    },
    "120363120488560014@g.us": {
      "mute": false,
      "antilink": false
    },
    "120363116986705951@g.us": {
      "mute": false,
      "antilink": false
    }
  },
  "database": {},
  "game": {
    "tebaklagu": [],
    "math": [],
    "family100": [],
    "tebakgambar": [],
    "tebakkata": [],
    "lontong": [],
    "lontong_desk": [],
    "tebakan": []
  },
  "settings": {
    "6285791762177@s.whatsapp.net": {
      "status": 0,
      "autobio": false,
      "templateImage": true,
      "templateVideo": false,
      "templateGif": false,
      "templateMsg": false,
      "setwelcome": "video",
      "autorespon": true
    },
    "6282228701980@s.whatsapp.net": {
      "status": 0,
      "autobio": true,
      "templateImage": true,
      "templateVideo": false,
      "templateGif": false,
      "templateMsg": false
    }
  },
  "others": {
    "vote": []
  },
  "sticker": {},
  "6285655620413@s.whatsapp.net": {
    "list": [
      {
        "item": "🧡Memek",
        "price": "1000/malam"
      },
      {
        "item": "🖥️Vps",
        "price": "1000/bulan"
      }
    ]
  },
  "6285791762177@s.whatsapp.net": {
    "list": [
      {
        "item": "1929"
      }
    ]
  }
}